date,code,settlement_month,par_value,capital_stock,listed_stock,credit_rate,year_highest,year_lowest,market_cap,ROE,EPS,foreign_rate,sub_price,PER,PBR,EV,BPS,gross_profit,operation_income,net_income,250highest,250lowest,upper_limit,lower_limit,standard_price,250highest_date,250lowest_date,250lowest_rate,trading_rate,outstanding_stock,outstanding_rate,회사명,종목코드,업종,주요제품,상장일
20221102,060560,12,500.0,638.0,127670.0,3.14,1850.0,1005.0,1404.0,9.2,82.0,2.27,770.0,13.45,1.07,5.99,1024.0,3250.0,166.0,137.0,1935.0,1005.0,1435.0,775.0,1105.0,20211028,20221013,9.45,88.42,56961.0,44.6,NaN,NaN,NaN,NaN,NaN
20221103,060560,12,500.0,638.0,127670.0,3.13,1850.0,1005.0,1398.0,9.2,82.0,2.27,770.0,13.39,1.07,5.98,1024.0,3250.0,166.0,137.0,1915.0,1005.0,1430.0,770.0,1100.0,20211029,20221013,8.96,103.32,56961.0,44.6,NaN,NaN,NaN,NaN,NaN
20221104,060560,12,500.0,638.0,127670.0,3.1,1850.0,1005.0,1404.0,9.2,82.0,2.3,760.0,13.45,1.07,5.99,1024.0,3250.0,166.0,137.0,1850.0,1005.0,1420.0,770.0,1095.0,20220429,20221013,9.45,80.36,56961.0,44.6,NaN,NaN,NaN,NaN,NaN
20221105,060560,12,500.0,638.0,127670.0,3.1,1850.0,1005.0,1404.0,9.2,82.0,2.32,760.0,13.45,1.07,5.99,1024.0,3250.0,166.0,137.0,1850.0,1005.0,1420.0,770.0,1095.0,20220429,20221013,9.45,80.67,56961.0,44.6,NaN,NaN,NaN,NaN,NaN
20221106,060560,12,500.0,638.0,127670.0,3.11,1850.0,1005.0,1404.0,9.2,82.0,2.32,760.0,13.45,1.07,5.99,1024.0,3250.0,166.0,137.0,1850.0,1005.0,1420.0,770.0,1095.0,20220429,20221013,9.45,80.67,56961.0,44.6,NaN,NaN,NaN,NaN,NaN
20221107,060560,12,500.0,638.0,127670.0,3.11,1850.0,1005.0,1417.0,9.2,82.0,2.32,770.0,13.57,1.08,6.03,1024.0,3250.0,166.0,137.0,1850.0,1005.0,1430.0,770.0,1100.0,20220429,20221013,10.45,108.95,56961.0,44.6,NaN,NaN,NaN,NaN,NaN
20221108,060560,12,500.0,638.0,127670.0,3.11,1850.0,1005.0,1417.0,9.2,82.0,2.37,770.0,13.57,1.08,6.03,1024.0,3250.0,166.0,137.0,1850.0,1005.0,1430.0,770.0,1100.0,20220429,20221013,10.45,109.16,56961.0,44.6,NaN,NaN,NaN,NaN,NaN
20221109,060560,12,500.0,638.0,127670.0,3.08,1850.0,1005.0,1462.0,9.2,82.0,2.42,790.0,14.0,1.12,6.16,1024.0,3250.0,166.0,137.0,1850.0,1005.0,1475.0,795.0,1135.0,20220429,20221013,13.93,70.9,56961.0,44.6,NaN,NaN,NaN,NaN,NaN
20221110,060560,12,500.0,638.0,127670.0,3.06,1850.0,1005.0,1475.0,9.2,82.0,2.48,800.0,14.12,1.13,6.2,1024.0,3250.0,166.0,137.0,1850.0,1005.0,1485.0,805.0,1145.0,20220429,20221013,14.93,72.36,56961.0,44.6,NaN,NaN,NaN,NaN,NaN
20221111,060560,12,500.0,638.0,127670.0,3.05,1850.0,1005.0,1500.0,9.2,82.0,2.48,800.0,14.37,1.15,6.27,1024.0,3250.0,166.0,137.0,1850.0,1005.0,1500.0,810.0,1155.0,20220429,20221013,16.92,140.68,56961.0,44.6,NaN,NaN,NaN,NaN,NaN
20221112,060560,12,500.0,638.0,127670.0,3.04,1850.0,1005.0,1500.0,9.2,82.0,2.49,800.0,14.37,1.15,6.27,1024.0,3250.0,166.0,137.0,1850.0,1005.0,1500.0,810.0,1155.0,20220429,20221013,16.92,141.52,56961.0,44.6,NaN,NaN,NaN,NaN,NaN
20221114,060560,12,500.0,638.0,127670.0,3.04,1850.0,1005.0,1513.0,9.2,82.0,2.49,820.0,14.49,1.16,6.31,1024.0,3250.0,166.0,137.0,1850.0,1005.0,1525.0,825.0,1175.0,20220429,20221013,17.91,111.0,56961.0,44.6,NaN,NaN,NaN,NaN,NaN
20221115,060560,12,500.0,638.0,127670.0,3.02,1850.0,1005.0,1538.0,9.2,82.0,2.61,820.0,14.73,1.18,6.38,1024.0,3250.0,166.0,137.0,1850.0,1005.0,1540.0,830.0,1185.0,20220429,20221013,19.9,64.03,56961.0,44.6,NaN,NaN,NaN,NaN,NaN
20221116,060560,12,500.0,638.0,127670.0,3.03,1850.0,1005.0,1545.0,9.2,82.0,2.63,840.0,14.8,1.18,6.4,1024.0,3250.0,166.0,137.0,1850.0,1005.0,1565.0,845.0,1205.0,20220429,20221013,20.4,101.06,56961.0,44.6,NaN,NaN,NaN,NaN,NaN
20221117,060560,12,500.0,638.0,127670.0,2.95,1850.0,1005.0,1570.0,9.2,82.0,2.59,840.0,15.04,1.2,6.47,1024.0,3250.0,166.0,137.0,1850.0,1005.0,1570.0,850.0,1210.0,20220429,20221013,22.39,357.41,56961.0,44.6,NaN,NaN,NaN,NaN,NaN
20221118,060560,12,500.0,638.0,127670.0,2.95,1850.0,1005.0,1634.0,9.2,82.0,2.52,860.0,15.65,1.25,6.65,1024.0,3250.0,166.0,137.0,1850.0,1005.0,1595.0,865.0,1230.0,20220429,20221013,27.36,145.64,56961.0,44.6,NaN,NaN,NaN,NaN,NaN
20221119,060560,12,500.0,638.0,127670.0,2.96,1850.0,1005.0,1634.0,9.2,82.0,2.42,860.0,15.65,1.25,6.65,1024.0,3250.0,166.0,137.0,1850.0,1005.0,1595.0,865.0,1230.0,20220429,20221013,27.36,147.26,56961.0,44.6,NaN,NaN,NaN,NaN,NaN
20221121,060560,12,500.0,638.0,127670.0,2.96,1850.0,1005.0,1558.0,9.2,82.0,2.42,890.0,14.92,1.19,6.43,1024.0,3250.0,166.0,137.0,1850.0,1005.0,1660.0,900.0,1280.0,20220429,20221013,21.39,94.15,56961.0,44.6,NaN,NaN,NaN,NaN,NaN
20221122,060560,12,500.0,638.0,127670.0,2.98,1850.0,1005.0,1564.0,9.2,82.0,2.13,850.0,14.98,1.2,6.45,1024.0,3250.0,166.0,137.0,1850.0,1005.0,1585.0,855.0,1220.0,20220429,20221013,21.89,43.15,56961.0,44.6,NaN,NaN,NaN,NaN,NaN
20221123,060560,12,500.0,638.0,127670.0,2.93,1850.0,1005.0,1589.0,9.2,82.0,2.17,850.0,15.22,1.22,6.52,1024.0,3250.0,166.0,137.0,1850.0,1005.0,1590.0,860.0,1225.0,20220429,20221013,23.88,208.27,56961.0,44.6,NaN,NaN,NaN,NaN,NaN
20221124,060560,12,500.0,638.0,127670.0,3.08,1850.0,1005.0,1596.0,9.2,82.0,2.24,870.0,15.28,1.22,6.54,1024.0,3250.0,166.0,137.0,1850.0,1005.0,1615.0,875.0,1245.0,20220429,20221013,24.38,19.82,56961.0,44.6,NaN,NaN,NaN,NaN,NaN
20221125,060560,12,500.0,638.0,127670.0,3.07,1850.0,1005.0,1609.0,9.2,82.0,2.27,870.0,15.41,1.23,6.58,1024.0,3250.0,166.0,137.0,1850.0,1005.0,1625.0,875.0,1250.0,20220429,20221013,25.37,107.24,56961.0,44.6,NaN,NaN,NaN,NaN,NaN
20221128,060560,12,500.0,638.0,127670.0,3.11,1850.0,1005.0,1641.0,9.2,82.0,2.05,880.0,15.71,1.25,6.67,1024.0,3250.0,166.0,137.0,1850.0,1005.0,1635.0,885.0,1260.0,20220429,20221013,27.86,4613.21,56961.0,44.6,NaN,NaN,NaN,NaN,NaN
20221129,060560,12,500.0,638.0,127670.0,3.11,1850.0,1005.0,1641.0,9.2,82.0,2.05,880.0,15.71,1.25,6.67,1024.0,3250.0,166.0,137.0,1850.0,1005.0,1635.0,885.0,1260.0,20220429,20221013,27.86,4613.21,56961.0,44.6,NaN,NaN,NaN,NaN,NaN
20221130,060560,12,500.0,638.0,127670.0,3.04,1850.0,1005.0,1692.0,9.2,82.0,2.26,900.0,16.2,1.29,6.82,1024.0,3250.0,166.0,137.0,1850.0,1005.0,1675.0,905.0,1290.0,20220429,20221013,31.84,122.69,56961.0,44.6,NaN,NaN,NaN,NaN,NaN
20221201,060560,12,500.0,638.0,127670.0,3.36,1850.0,1005.0,1730.0,9.2,82.0,2.2,920.0,16.57,1.32,6.93,1024.0,3250.0,166.0,137.0,1850.0,1005.0,1720.0,930.0,1325.0,20220429,20221013,34.83,135.91,56961.0,44.6,NaN,NaN,NaN,NaN,NaN
20221202,060560,12,500.0,638.0,127670.0,3.34,1850.0,1005.0,1692.0,9.2,82.0,2.15,940.0,16.2,1.29,6.82,1024.0,3250.0,166.0,137.0,1850.0,1005.0,1760.0,950.0,1355.0,20220429,20221013,31.84,27.19,56961.0,44.6,NaN,NaN,NaN,NaN,NaN
20221205,060560,12,500.0,638.0,127670.0,3.42,1850.0,1005.0,1692.0,9.2,82.0,2.13,920.0,16.2,1.29,6.82,1024.0,3250.0,166.0,137.0,1850.0,1005.0,1720.0,930.0,1325.0,20220429,20221013,31.84,80.5,56961.0,44.6,NaN,NaN,NaN,NaN,NaN
20221206,060560,12,500.0,638.0,127670.0,3.44,1850.0,1005.0,1672.0,9.2,82.0,2.25,920.0,16.02,1.28,6.76,1024.0,3250.0,166.0,137.0,1850.0,1005.0,1720.0,930.0,1325.0,20220429,20221013,30.35,135.24,56961.0,44.6,NaN,NaN,NaN,NaN,NaN
20221207,060560,12,500.0,638.0,127670.0,3.42,1850.0,1005.0,1672.0,9.2,82.0,2.22,910.0,16.02,1.28,6.76,1024.0,3250.0,166.0,137.0,1850.0,1005.0,1700.0,920.0,1310.0,20220429,20221013,30.35,51.39,56961.0,44.6,NaN,NaN,NaN,NaN,NaN
20221208,060560,12,500.0,638.0,127670.0,3.45,1850.0,1005.0,1711.0,9.2,82.0,2.25,910.0,16.39,1.31,6.87,1024.0,3250.0,166.0,137.0,1850.0,1005.0,1700.0,920.0,1310.0,20220429,20221013,33.33,413.02,56961.0,44.6,NaN,NaN,NaN,NaN,NaN
20221209,060560,12,500.0,638.0,127670.0,3.41,1850.0,1005.0,1634.0,9.2,82.0,2.32,930.0,15.65,1.25,6.65,1024.0,3250.0,166.0,137.0,1850.0,1005.0,1740.0,940.0,1340.0,20220429,20221013,27.36,73.18,56961.0,44.6,NaN,NaN,NaN,NaN,NaN
20221212,060560,12,500.0,638.0,127670.0,3.41,1850.0,1005.0,1589.0,9.2,82.0,2.05,890.0,15.22,1.22,6.52,1024.0,3250.0,166.0,137.0,1850.0,1005.0,1660.0,900.0,1280.0,20220429,20221013,23.88,58.72,56961.0,44.6,NaN,NaN,NaN,NaN,NaN
20221213,060560,12,500.0,638.0,127670.0,3.34,1850.0,1005.0,1577.0,9.2,82.0,2.1,870.0,15.1,1.21,6.49,1024.0,3250.0,166.0,137.0,1850.0,1005.0,1615.0,875.0,1245.0,20220429,20221013,22.89,45.33,56961.0,44.6,NaN,NaN,NaN,NaN,NaN
20221214,060560,12,500.0,638.0,127670.0,3.44,1850.0,1005.0,1589.0,9.2,82.0,2.13,860.0,15.22,1.22,6.52,1024.0,3250.0,166.0,137.0,1850.0,1005.0,1605.0,865.0,1235.0,20220429,20221013,23.88,51.77,56961.0,44.6,NaN,NaN,NaN,NaN,NaN
20221215,060560,12,500.0,638.0,127670.0,3.48,1850.0,1005.0,1583.0,9.2,82.0,2.15,870.0,15.16,1.21,6.51,1024.0,3250.0,166.0,137.0,1850.0,1005.0,1615.0,875.0,1245.0,20220429,20221013,23.38,133.39,56961.0,44.6,NaN,NaN,NaN,NaN,NaN
20221216,060560,12,500.0,638.0,127670.0,3.45,1850.0,1005.0,1577.0,9.2,82.0,2.14,860.0,15.1,1.21,6.49,1024.0,3250.0,166.0,137.0,1850.0,1005.0,1610.0,870.0,1240.0,20220429,20221013,22.89,88.69,56961.0,44.6,NaN,NaN,NaN,NaN,NaN
20221219,060560,12,500.0,638.0,127670.0,3.43,1850.0,1005.0,1545.0,9.2,82.0,2.15,860.0,14.8,1.18,6.4,1024.0,3250.0,166.0,137.0,1850.0,1005.0,1605.0,865.0,1235.0,20220429,20221013,20.4,135.94,56961.0,44.6,NaN,NaN,NaN,NaN,NaN
20221220,060560,12,500.0,638.0,127670.0,3.44,1850.0,1005.0,1500.0,9.2,82.0,2.15,840.0,14.37,1.15,6.27,1024.0,3250.0,166.0,137.0,1850.0,1005.0,1570.0,850.0,1210.0,20220429,20221013,16.92,177.74,56961.0,44.6,NaN,NaN,NaN,NaN,NaN
20221221,060560,12,500.0,638.0,127670.0,3.41,1850.0,1005.0,1494.0,9.2,82.0,2.26,820.0,14.31,1.14,6.25,1024.0,3250.0,166.0,137.0,1850.0,1005.0,1525.0,825.0,1175.0,20220429,20221013,16.42,24.78,56961.0,44.6,NaN,NaN,NaN,NaN,NaN
20221222,060560,12,500.0,638.0,127670.0,3.38,1850.0,1005.0,1519.0,9.2,82.0,2.29,810.0,14.55,1.16,6.32,1024.0,3250.0,166.0,137.0,1850.0,1005.0,1520.0,820.0,1170.0,20220429,20221013,18.41,117.74,56961.0,44.6,NaN,NaN,NaN,NaN,NaN
20221223,060560,12,500.0,638.0,127670.0,3.32,1850.0,1005.0,1468.0,9.2,82.0,2.31,830.0,14.06,1.12,6.18,1024.0,3250.0,166.0,137.0,1850.0,1005.0,1545.0,835.0,1190.0,20220429,20221013,14.43,200.23,56961.0,44.6,NaN,NaN,NaN,NaN,NaN
20221226,060560,12,500.0,638.0,127670.0,3.26,1850.0,1005.0,1468.0,9.2,82.0,2.36,800.0,14.06,1.12,6.18,1024.0,3250.0,166.0,137.0,1850.0,1005.0,1495.0,805.0,1150.0,20220429,20221013,14.43,73.7,56961.0,44.6,NaN,NaN,NaN,NaN,NaN
20221227,060560,12,500.0,638.0,127670.0,3.28,1850.0,1005.0,1481.0,9.2,82.0,2.38,800.0,14.18,1.13,6.21,1024.0,3250.0,166.0,137.0,1850.0,1005.0,1495.0,805.0,1150.0,20220429,20221013,15.42,131.47,56961.0,44.6,NaN,NaN,NaN,NaN,NaN
20221228,060560,12,500.0,638.0,127670.0,3.28,1850.0,1005.0,1481.0,9.2,82.0,2.43,810.0,14.18,1.13,6.21,1024.0,3250.0,166.0,137.0,1850.0,1005.0,1505.0,815.0,1160.0,20220429,20221013,15.42,58.2,56961.0,44.6,NaN,NaN,NaN,NaN,NaN
20221229,060560,12,500.0,638.0,127670.0,3.25,1850.0,1005.0,1449.0,9.2,82.0,2.46,810.0,13.88,1.11,6.12,1024.0,3250.0,166.0,137.0,1850.0,1005.0,1505.0,815.0,1160.0,20220429,20221013,12.94,154.7,56961.0,44.6,NaN,NaN,NaN,NaN,NaN
20221230,060560,12,500.0,638.0,127670.0,3.24,1850.0,1005.0,1449.0,9.2,82.0,2.37,810.0,13.88,1.11,6.12,1024.0,3250.0,166.0,137.0,1850.0,1005.0,1505.0,815.0,1160.0,20220429,20221013,12.94,155.46,56961.0,44.6,NaN,NaN,NaN,NaN,NaN
20230102,060560,12,500.0,638.0,127670.0,3.24,1150.0,1110.0,1436.0,9.2,82.0,2.37,830.0,13.76,1.1,6.09,1024.0,3250.0,166.0,137.0,1850.0,1005.0,1475.0,795.0,1135.0,20220429,20221013,11.94,118.31,56961.0,44.6,NaN,NaN,NaN,NaN,NaN
20230103,060560,12,500.0,638.0,127670.0,3.19,1150.0,1065.0,1411.0,9.2,82.0,2.34,830.0,13.51,1.08,6.01,1024.0,3250.0,166.0,137.0,1850.0,1005.0,1460.0,790.0,1125.0,20220429,20221013,9.95,104.12,56961.0,44.6,NaN,NaN,NaN,NaN,NaN
20230104,060560,12,500.0,638.0,127670.0,3.19,1225.0,1065.0,1532.0,9.2,82.0,2.36,810.0,14.67,1.17,6.36,1024.0,3250.0,166.0,137.0,1850.0,1005.0,1435.0,775.0,1105.0,20220429,20221013,19.4,376.88,56961.0,44.6,NaN,NaN,NaN,NaN,NaN
20230105,060560,12,500.0,638.0,127670.0,3.03,1225.0,1065.0,1526.0,9.2,82.0,2.34,880.0,14.61,1.17,6.34,1024.0,3250.0,166.0,137.0,1850.0,1005.0,1560.0,840.0,1200.0,20220429,20221013,18.91,13.14,56961.0,44.6,NaN,NaN,NaN,NaN,NaN
20230106,060560,12,500.0,638.0,127670.0,3.0,1225.0,1065.0,1519.0,9.2,82.0,2.34,880.0,14.55,1.16,6.32,1024.0,3250.0,166.0,137.0,1850.0,1005.0,1550.0,840.0,1195.0,20220429,20221013,18.41,98.11,56961.0,44.6,NaN,NaN,NaN,NaN,NaN
20230109,060560,12,500.0,638.0,127670.0,2.89,1225.0,1065.0,1532.0,9.2,82.0,2.3,880.0,14.67,1.17,6.36,1024.0,3250.0,166.0,137.0,1850.0,1005.0,1545.0,835.0,1190.0,20220429,20221013,19.4,89.61,56961.0,44.6,NaN,NaN,NaN,NaN,NaN
20230110,060560,12,500.0,638.0,127670.0,2.93,1225.0,1065.0,1513.0,9.2,82.0,2.29,880.0,14.49,1.16,6.31,1024.0,3250.0,166.0,137.0,1850.0,1005.0,1560.0,840.0,1200.0,20220429,20221013,17.91,117.69,56961.0,44.6,NaN,NaN,NaN,NaN,NaN
20230111,060560,12,500.0,638.0,127670.0,3.0,1225.0,1065.0,1545.0,9.2,82.0,2.32,870.0,14.8,1.18,6.4,1024.0,3250.0,166.0,137.0,1850.0,1005.0,1540.0,830.0,1185.0,20220429,20221013,20.4,123.93,56961.0,44.6,NaN,NaN,NaN,NaN,NaN
20230112,060560,12,500.0,638.0,127670.0,2.97,1225.0,1065.0,1545.0,9.2,82.0,2.39,890.0,14.8,1.18,6.4,1024.0,3250.0,166.0,137.0,1850.0,1005.0,1570.0,850.0,1210.0,20220429,20221013,20.4,56.21,56961.0,44.6,NaN,NaN,NaN,NaN,NaN
20230113,060560,12,500.0,638.0,127670.0,2.98,1225.0,1065.0,1558.0,9.2,82.0,2.37,890.0,14.92,1.19,6.43,1024.0,3250.0,166.0,137.0,1850.0,1005.0,1570.0,850.0,1210.0,20220429,20221013,21.39,103.23,56961.0,44.6,NaN,NaN,NaN,NaN,NaN
20230116,060560,12,500.0,638.0,127670.0,2.96,1245.0,1065.0,1564.0,9.2,82.0,2.43,900.0,14.98,1.2,6.45,1024.0,3250.0,166.0,137.0,1850.0,1005.0,1585.0,855.0,1220.0,20220429,20221013,21.89,117.42,56961.0,44.6,NaN,NaN,NaN,NaN,NaN
20230117,060560,12,500.0,638.0,127670.0,2.97,1245.0,1065.0,1551.0,9.2,82.0,2.45,900.0,14.86,1.19,6.41,1024.0,3250.0,166.0,137.0,1850.0,1005.0,1590.0,860.0,1225.0,20220429,20221013,20.9,66.87,56961.0,44.6,NaN,NaN,NaN,NaN,NaN
20230118,060560,12,500.0,638.0,127670.0,2.94,1245.0,1065.0,1532.0,9.2,82.0,2.43,890.0,14.67,1.17,6.36,1024.0,3250.0,166.0,137.0,1850.0,1005.0,1575.0,855.0,1215.0,20220429,20221013,19.4,109.51,56961.0,44.6,NaN,NaN,NaN,NaN,NaN
20230119,060560,12,500.0,638.0,127670.0,2.89,1245.0,1065.0,1538.0,9.2,82.0,2.39,880.0,14.73,1.18,6.38,1024.0,3250.0,166.0,137.0,1850.0,1005.0,1560.0,840.0,1200.0,20220429,20221013,19.9,58.36,56961.0,44.6,NaN,NaN,NaN,NaN,NaN
20230120,060560,12,500.0,638.0,127670.0,2.91,1245.0,1065.0,1545.0,9.2,82.0,2.42,890.0,14.8,1.18,6.4,1024.0,3250.0,166.0,137.0,1850.0,1005.0,1565.0,845.0,1205.0,20220429,20221013,20.4,66.35,56961.0,44.6,NaN,NaN,NaN,NaN,NaN
20230123,060560,12,500.0,638.0,127670.0,2.93,1245.0,1065.0,1545.0,9.2,82.0,2.42,890.0,14.8,1.18,6.4,1024.0,3250.0,166.0,137.0,1850.0,1005.0,1565.0,845.0,1205.0,20220429,20221013,20.4,68.28,56961.0,44.6,NaN,NaN,NaN,NaN,NaN
20230124,060560,12,500.0,638.0,127670.0,2.93,1245.0,1065.0,1545.0,9.2,82.0,2.42,890.0,14.8,1.18,6.4,1024.0,3250.0,166.0,137.0,1850.0,1005.0,1565.0,845.0,1205.0,20220429,20221013,20.4,68.28,56961.0,44.6,NaN,NaN,NaN,NaN,NaN
20230125,060560,12,500.0,638.0,127670.0,2.93,1245.0,1065.0,1559.0,9.2,82.0,2.42,890.0,14.93,1.19,6.44,1024.0,3250.0,166.0,137.0,1850.0,1005.0,1573.0,847.0,1210.0,20220429,20221013,21.49,335.36,56961.0,44.6,NaN,NaN,NaN,NaN,NaN
20230126,060560,12,500.0,638.0,127670.0,2.94,1245.0,1065.0,1575.0,9.2,82.0,2.47,900.0,15.09,1.2,6.48,1024.0,3250.0,166.0,137.0,1850.0,1005.0,1587.0,855.0,1221.0,20220429,20221013,22.79,132.14,56961.0,44.6,NaN,NaN,NaN,NaN,NaN
20230127,060560,12,500.0,638.0,127670.0,2.93,1265.0,1065.0,1586.0,9.2,82.0,2.53,910.0,15.19,1.21,6.51,1024.0,3250.0,166.0,137.0,1850.0,1005.0,1604.0,864.0,1234.0,20220429,20221013,23.58,107.63,56961.0,44.6,NaN,NaN,NaN,NaN,NaN
20230130,060560,12,500.0,638.0,127670.0,2.9,1265.0,1065.0,1577.0,9.2,82.0,2.62,910.0,15.1,1.21,6.49,1024.0,3250.0,166.0,137.0,1850.0,1005.0,1614.0,870.0,1242.0,20220429,20221013,22.89,83.9,56961.0,44.6,NaN,NaN,NaN,NaN,NaN
20230131,060560,12,500.0,638.0,127670.0,2.88,1265.0,1065.0,1582.0,9.2,82.0,2.59,910.0,15.15,1.21,6.5,1024.0,3250.0,166.0,137.0,1850.0,1005.0,1605.0,865.0,1235.0,20220429,20221013,23.28,60.36,56961.0,44.6,NaN,NaN,NaN,NaN,NaN
20230201,060560,12,500.0,638.0,127670.0,2.94,1315.0,1065.0,1606.0,9.2,82.0,2.67,910.0,15.38,1.23,6.57,1024.0,3250.0,166.0,137.0,1850.0,1005.0,1610.0,868.0,1239.0,20220429,20221013,25.17,953.23,56961.0,44.6,NaN,NaN,NaN,NaN,NaN
20230202,060560,12,500.0,638.0,127670.0,2.93,1315.0,1065.0,1618.0,9.2,82.0,2.63,930.0,15.49,1.24,6.6,1024.0,3250.0,166.0,137.0,1850.0,1005.0,1635.0,881.0,1258.0,20220429,20221013,26.07,26.85,56961.0,44.6,NaN,NaN,NaN,NaN,NaN
20230203,060560,12,500.0,638.0,127670.0,2.91,1315.0,1065.0,1607.0,9.2,82.0,2.65,930.0,15.39,1.23,6.58,1024.0,3250.0,166.0,137.0,1850.0,1005.0,1647.0,887.0,1267.0,20220429,20221013,25.27,60.92,56961.0,44.6,NaN,NaN,NaN,NaN,NaN
20230206,060560,12,500.0,638.0,127670.0,2.91,1315.0,1065.0,1588.0,9.2,82.0,2.61,930.0,15.21,1.21,6.52,1024.0,3250.0,166.0,137.0,1850.0,1005.0,1636.0,882.0,1259.0,20220429,20221013,23.78,129.12,56961.0,44.6,NaN,NaN,NaN,NaN,NaN
20230207,060560,12,500.0,638.0,127670.0,2.91,1315.0,1065.0,1581.0,9.2,82.0,2.68,920.0,15.14,1.21,6.5,1024.0,3250.0,166.0,137.0,1850.0,1005.0,1617.0,871.0,1244.0,20220429,20221013,23.18,37.73,56961.0,44.6,NaN,NaN,NaN,NaN,NaN
20230208,060560,12,500.0,638.0,127670.0,2.92,1315.0,1065.0,1630.0,9.2,82.0,2.69,910.0,15.62,1.25,6.64,1024.0,3250.0,166.0,137.0,1850.0,1005.0,1609.0,867.0,1238.0,20220429,20221013,27.06,574.38,56961.0,44.6,NaN,NaN,NaN,NaN,NaN
20230209,060560,12,500.0,638.0,127670.0,2.85,1315.0,1065.0,1592.0,9.2,82.0,2.63,940.0,15.25,1.22,6.53,1024.0,3250.0,166.0,137.0,1850.0,1005.0,1660.0,894.0,1277.0,20220429,20221013,24.08,66.19,56961.0,44.6,NaN,NaN,NaN,NaN,NaN
20230210,060560,12,500.0,638.0,127670.0,2.84,1315.0,1065.0,1602.0,9.2,82.0,2.52,920.0,15.35,1.23,6.56,1024.0,3250.0,166.0,137.0,1850.0,1005.0,1621.0,873.0,1247.0,20220429,20221013,24.88,61.89,56961.0,44.6,NaN,NaN,NaN,NaN,NaN
20230213,060560,12,500.0,638.0,127670.0,2.75,1321.0,1065.0,1666.0,9.2,82.0,2.54,920.0,15.96,1.27,6.74,1024.0,3250.0,166.0,137.0,1850.0,1005.0,1631.0,879.0,1255.0,20220429,20221013,29.85,420.21,56961.0,44.6,NaN,NaN,NaN,NaN,NaN
20230214,060560,12,500.0,638.0,127670.0,2.86,1323.0,1065.0,1665.0,9.2,82.0,2.67,960.0,15.95,1.27,6.74,1024.0,3250.0,166.0,137.0,1850.0,1005.0,1696.0,914.0,1305.0,20220429,20221013,29.75,34.83,56961.0,44.6,NaN,NaN,NaN,NaN,NaN
20230215,060560,12,500.0,638.0,127670.0,2.88,1365.0,1065.0,1743.0,9.2,82.0,2.6,960.0,16.69,1.33,6.96,1024.0,3250.0,166.0,137.0,1850.0,1005.0,1695.0,913.0,1304.0,20220429,20221013,35.82,494.93,56961.0,44.6,NaN,NaN,NaN,NaN,NaN
20230216,060560,12,500.0,638.0,127670.0,2.92,1365.0,1065.0,1647.0,9.2,82.0,2.47,1010.0,15.77,1.26,6.69,1024.0,3250.0,166.0,137.0,1850.0,1005.0,1774.0,956.0,1365.0,20220429,20221013,28.36,69.18,56961.0,44.6,NaN,NaN,NaN,NaN,NaN
20230217,060560,12,500.0,638.0,127670.0,2.99,1365.0,1065.0,1601.0,9.2,82.0,2.13,950.0,15.33,1.22,6.56,1024.0,3250.0,166.0,137.0,1850.0,1005.0,1677.0,903.0,1290.0,20220429,20221013,24.78,43.28,56961.0,44.6,NaN,NaN,NaN,NaN,NaN
20230220,060560,12,500.0,638.0,127670.0,3.15,1365.0,1065.0,1612.0,9.2,82.0,2.13,920.0,15.44,1.23,6.59,1024.0,3250.0,166.0,137.0,1850.0,1005.0,1630.0,878.0,1254.0,20220429,20221013,25.67,91.79,56961.0,44.6,NaN,NaN,NaN,NaN,NaN
20230221,060560,12,500.0,638.0,127670.0,3.05,1365.0,1065.0,1623.0,9.2,82.0,2.19,930.0,15.54,1.24,6.62,1024.0,3250.0,166.0,137.0,1850.0,1005.0,1641.0,885.0,1263.0,20220429,20221013,26.47,53.07,56961.0,44.6,NaN,NaN,NaN,NaN,NaN
20230222,060560,12,500.0,638.0,127670.0,3.02,1365.0,1065.0,1595.0,9.2,82.0,2.27,940.0,15.27,1.22,6.54,1024.0,3250.0,166.0,137.0,1850.0,1005.0,1652.0,890.0,1271.0,20220429,20221013,24.28,53.56,56961.0,44.6,NaN,NaN,NaN,NaN,NaN
20230223,060560,12,500.0,638.0,127670.0,2.94,1365.0,1065.0,1589.0,9.2,82.0,2.25,920.0,15.22,1.22,6.52,1024.0,3250.0,166.0,137.0,1850.0,1005.0,1623.0,875.0,1249.0,20220429,20221013,23.88,65.49,56961.0,44.6,NaN,NaN,NaN,NaN,NaN
20230224,060560,12,500.0,638.0,127670.0,2.91,1365.0,1065.0,1552.0,9.2,82.0,2.23,920.0,14.87,1.19,6.42,1024.0,3250.0,166.0,137.0,1850.0,1005.0,1618.0,872.0,1245.0,20220429,20221013,21.0,304.99,56961.0,44.6,NaN,NaN,NaN,NaN,NaN
20230227,060560,12,500.0,638.0,127670.0,2.93,1365.0,1065.0,1526.0,9.2,82.0,2.16,890.0,14.61,1.17,6.34,1024.0,3250.0,166.0,137.0,1850.0,1005.0,1580.0,852.0,1216.0,20220429,20221013,18.91,46.37,56961.0,44.6,NaN,NaN,NaN,NaN,NaN
20230228,060560,12,500.0,638.0,127670.0,2.92,1365.0,1065.0,1554.0,9.2,82.0,2.19,880.0,14.88,1.19,6.42,1024.0,3250.0,166.0,137.0,1850.0,1005.0,1553.0,837.0,1195.0,20220429,20221013,21.09,199.58,56961.0,44.6,NaN,NaN,NaN,NaN,NaN
20230302,060560,12,500.0,638.0,127670.0,2.93,1365.0,1065.0,1570.0,9.2,82.0,2.18,900.0,15.04,1.2,6.47,1024.0,3250.0,166.0,137.0,1850.0,1005.0,1582.0,852.0,1217.0,20220429,20221013,22.39,113.46,56961.0,44.6,NaN,NaN,NaN,NaN,NaN
20230307,060560,12,500.0,638.0,127670.0,2.82,1365.0,1065.0,1607.0,9.2,82.0,2.28,920.0,15.39,1.23,6.58,1024.0,3250.0,166.0,137.0,1850.0,1005.0,1626.0,876.0,1251.0,20220429,20221013,25.27,96.05,56961.0,44.6,NaN,NaN,NaN,NaN,NaN
20230308,060560,12,500.0,638.0,127670.0,2.84,1365.0,1065.0,1609.0,9.2,82.0,2.36,930.0,15.41,1.23,6.58,1024.0,3250.0,166.0,137.0,1850.0,1005.0,1636.0,882.0,1259.0,20220429,20221013,25.37,111.19,56961.0,44.6,NaN,NaN,NaN,NaN,NaN
20230309,060560,12,500.0,638.0,127670.0,2.8,1365.0,1065.0,1609.0,9.2,82.0,2.39,930.0,15.41,1.23,6.58,1024.0,3250.0,166.0,137.0,1850.0,1005.0,1638.0,882.0,1260.0,20220429,20221013,25.37,104.43,56961.0,44.6,NaN,NaN,NaN,NaN,NaN
20230310,060560,12,500.0,638.0,127670.0,2.8,1365.0,1065.0,1601.0,9.2,82.0,2.39,930.0,15.33,1.22,6.56,1024.0,3250.0,166.0,137.0,1850.0,1005.0,1638.0,882.0,1260.0,20220429,20221013,24.78,64.7,56961.0,44.6,NaN,NaN,NaN,NaN,NaN
20230313,060560,12,500.0,638.0,127670.0,2.8,1365.0,1065.0,1647.0,9.2,82.0,2.39,920.0,15.77,1.26,6.69,1024.0,3250.0,166.0,137.0,1850.0,1005.0,1630.0,878.0,1254.0,20220429,20221013,28.36,311.61,56961.0,44.6,NaN,NaN,NaN,NaN,NaN
20230314,060560,12,500.0,638.0,127670.0,2.8,1365.0,1065.0,1675.0,9.2,82.0,2.48,950.0,16.04,1.28,6.77,1024.0,3250.0,166.0,137.0,1850.0,1005.0,1677.0,903.0,1290.0,20220429,20221013,30.55,10.63,56961.0,44.6,NaN,NaN,NaN,NaN,NaN
20230315,060560,12,500.0,638.0,127670.0,2.8,1365.0,1065.0,1570.0,9.2,82.0,2.34,970.0,15.04,1.2,6.47,1024.0,3250.0,166.0,137.0,1850.0,1005.0,1705.0,919.0,1312.0,20220429,20221013,22.39,149.64,56961.0,44.6,NaN,NaN,NaN,NaN,NaN
20230316,060560,12,500.0,638.0,127670.0,2.73,1365.0,1065.0,1582.0,9.2,82.0,2.1,910.0,15.15,1.21,6.5,1024.0,3250.0,166.0,137.0,1850.0,1005.0,1599.0,861.0,1230.0,20220429,20221013,23.28,17.07,56961.0,44.6,NaN,NaN,NaN,NaN,NaN
20230317,060560,12,500.0,638.0,127670.0,2.89,1365.0,1065.0,1634.0,9.2,82.0,1.99,910.0,15.65,1.25,6.65,1024.0,3250.0,166.0,137.0,1850.0,1005.0,1610.0,868.0,1239.0,20220429,20221013,27.36,132.35,56961.0,44.6,NaN,NaN,NaN,NaN,NaN
20230320,060560,12,500.0,638.0,127670.0,3.14,1365.0,1065.0,1679.0,9.2,82.0,2.3,940.0,16.08,1.28,6.78,1024.0,3250.0,166.0,137.0,1850.0,1005.0,1664.0,896.0,1280.0,20220429,20221013,30.85,120.71,56961.0,44.6,NaN,NaN,NaN,NaN,NaN
20230321,060560,12,500.0,638.0,127670.0,3.18,1365.0,1065.0,1629.0,9.2,82.0,2.39,970.0,15.6,1.25,6.64,1024.0,3250.0,166.0,137.0,1850.0,1005.0,1709.0,921.0,1315.0,20220429,20221013,26.97,162.33,56961.0,44.6,NaN,NaN,NaN,NaN,NaN
20230322,060560,12,500.0,638.0,127670.0,3.04,1365.0,1065.0,1583.0,9.2,82.0,2.41,940.0,15.16,1.21,6.51,1024.0,3250.0,166.0,137.0,1850.0,1005.0,1658.0,894.0,1276.0,20220429,20221013,23.38,40.92,56961.0,44.6,NaN,NaN,NaN,NaN,NaN
20230405,060560,12,500.0,638.0,127670.0,3.18,1365.0,1065.0,1729.0,10.1,106.0,2.88,1000.0,12.8,1.22,5.69,1106.0,4321.0,237.0,188.0,1850.0,1005.0,1761.0,949.0,1355.0,20220429,20221013,34.73,77.33,56549.0,44.3,NaN,NaN,NaN,NaN,NaN
20230406,060560,12,500.0,638.0,127670.0,3.18,1365.0,1065.0,1713.0,10.1,106.0,2.94,1000.0,12.69,1.21,5.65,1106.0,4321.0,237.0,188.0,1850.0,1005.0,1760.0,948.0,1354.0,20220429,20221013,33.53,88.46,56549.0,44.3,NaN,NaN,NaN,NaN,NaN
20230407,060560,12,500.0,638.0,127670.0,3.15,1365.0,1065.0,1688.0,10.1,106.0,2.98,990.0,12.5,1.19,5.59,1106.0,4321.0,237.0,188.0,1850.0,1005.0,1744.0,940.0,1342.0,20220429,20221013,31.54,72.27,56959.0,44.6,NaN,NaN,NaN,NaN,NaN
20230410,060560,12,500.0,638.0,127670.0,3.16,1365.0,1065.0,1711.0,10.1,106.0,2.93,970.0,12.67,1.21,5.64,1106.0,4321.0,237.0,188.0,1850.0,1005.0,1718.0,926.0,1322.0,20220429,20221013,33.33,88.25,56959.0,44.6,NaN,NaN,NaN,NaN,NaN
20230411,060560,12,500.0,638.0,127670.0,3.06,1365.0,1065.0,1690.0,10.1,106.0,2.89,990.0,12.52,1.2,5.6,1106.0,4321.0,237.0,188.0,1850.0,1005.0,1742.0,938.0,1340.0,20220429,20221013,31.74,194.78,56959.0,44.6,NaN,NaN,NaN,NaN,NaN
20230412,060560,12,500.0,638.0,127670.0,3.08,1365.0,1065.0,1687.0,10.1,106.0,3.01,970.0,12.49,1.19,5.59,1106.0,4321.0,237.0,188.0,1850.0,1005.0,1721.0,927.0,1324.0,20220429,20221013,31.44,51.61,56959.0,44.6,NaN,NaN,NaN,NaN,NaN
20230413,060560,12,500.0,638.0,127670.0,3.14,1442.0,1065.0,1772.0,10.1,106.0,3.08,970.0,13.13,1.25,5.79,1106.0,4321.0,237.0,188.0,1850.0,1005.0,1717.0,925.0,1321.0,20220429,20221013,38.11,1557.92,56959.0,44.6,NaN,NaN,NaN,NaN,NaN
20230414,060560,12,500.0,638.0,127670.0,3.19,1472.0,1065.0,1772.0,10.1,106.0,3.22,1020.0,13.13,1.25,5.79,1106.0,4321.0,237.0,188.0,1850.0,1005.0,1804.0,972.0,1388.0,20220429,20221013,38.11,86.77,56959.0,44.6,NaN,NaN,NaN,NaN,NaN
20230417,060560,12,500.0,638.0,127670.0,3.14,1472.0,1065.0,1759.0,10.1,106.0,2.87,1020.0,13.03,1.25,5.76,1106.0,4321.0,237.0,188.0,1850.0,1005.0,1804.0,972.0,1388.0,20220429,20221013,37.11,15.86,56959.0,44.6,NaN,NaN,NaN,NaN,NaN
20230418,060560,12,500.0,638.0,127670.0,3.06,1472.0,1065.0,1744.0,10.1,106.0,2.92,1010.0,12.92,1.23,5.72,1106.0,4321.0,237.0,188.0,1850.0,1005.0,1791.0,965.0,1378.0,20220429,20221013,35.92,82.56,56959.0,44.6,NaN,NaN,NaN,NaN,NaN
20230419,060560,12,500.0,638.0,127670.0,3.2,1472.0,1065.0,1767.0,10.1,106.0,3.02,1010.0,13.09,1.25,5.77,1106.0,4321.0,237.0,188.0,1850.0,1005.0,1775.0,957.0,1366.0,20220429,20221013,37.71,57.1,56959.0,44.6,NaN,NaN,NaN,NaN,NaN
20230420,060560,12,500.0,638.0,127670.0,3.14,1472.0,1065.0,1727.0,10.1,106.0,3.11,1020.0,12.79,1.22,5.68,1106.0,4321.0,237.0,188.0,1850.0,1005.0,1799.0,969.0,1384.0,20220429,20221013,34.63,100.59,56959.0,44.6,NaN,NaN,NaN,NaN,NaN
20230421,060560,12,500.0,638.0,127670.0,3.15,1472.0,1065.0,1676.0,10.1,106.0,3.04,1000.0,12.42,1.19,5.57,1106.0,4321.0,237.0,188.0,1850.0,1005.0,1758.0,948.0,1353.0,20220429,20221013,30.65,81.1,56959.0,44.6,NaN,NaN,NaN,NaN,NaN
20230424,060560,12,500.0,638.0,127670.0,3.13,1472.0,1065.0,1695.0,10.1,106.0,2.93,970.0,12.56,1.2,5.61,1106.0,4321.0,237.0,188.0,1850.0,1005.0,1706.0,920.0,1313.0,20220429,20221013,32.14,97.73,56959.0,44.6,NaN,NaN,NaN,NaN,NaN
20230425,060560,12,500.0,638.0,127670.0,3.23,1472.0,1065.0,1716.0,10.1,106.0,2.86,980.0,12.71,1.21,5.66,1106.0,4321.0,237.0,188.0,1850.0,1005.0,1726.0,930.0,1328.0,20220429,20221013,33.73,194.03,56959.0,44.6,NaN,NaN,NaN,NaN,NaN
20230426,060560,12,500.0,638.0,127670.0,3.24,1545.0,1065.0,1755.0,10.1,106.0,2.79,990.0,13.0,1.24,5.75,1106.0,4321.0,237.0,188.0,1850.0,1005.0,1747.0,941.0,1344.0,20220429,20221013,36.82,2051.99,56959.0,44.6,NaN,NaN,NaN,NaN,NaN
20230427,060560,12,500.0,638.0,127670.0,3.2,1545.0,1065.0,1790.0,10.1,106.0,2.5,1010.0,13.26,1.27,5.83,1106.0,4321.0,237.0,188.0,1850.0,1005.0,1787.0,963.0,1375.0,20220429,20221013,39.5,11.94,56959.0,44.6,NaN,NaN,NaN,NaN,NaN
20230428,060560,12,500.0,638.0,127670.0,3.13,1545.0,1065.0,1743.0,10.1,106.0,2.64,1030.0,12.91,1.23,5.72,1106.0,4321.0,237.0,188.0,1850.0,1005.0,1822.0,982.0,1402.0,20220429,20221013,35.82,60.79,56959.0,44.6,NaN,NaN,NaN,NaN,NaN
20230501,060560,12,500.0,638.0,127670.0,3.17,1545.0,1065.0,1743.0,10.1,106.0,2.85,1030.0,12.91,1.23,5.72,1106.0,4321.0,237.0,188.0,1850.0,1005.0,1822.0,982.0,1402.0,20220429,20221013,35.82,62.2,56959.0,44.6,NaN,NaN,NaN,NaN,NaN
20230502,060560,12,500.0,638.0,127670.0,3.17,1545.0,1065.0,1754.0,10.1,106.0,2.85,1010.0,12.99,1.24,5.74,1106.0,4321.0,237.0,188.0,1850.0,1005.0,1774.0,956.0,1365.0,20220429,20221013,36.72,38.93,56959.0,44.6,NaN,NaN,NaN,NaN,NaN
20230503,060560,12,500.0,638.0,127670.0,3.16,1545.0,1065.0,1784.0,10.1,106.0,2.92,1010.0,13.21,1.26,5.81,1106.0,4321.0,237.0,188.0,1850.0,1005.0,1786.0,962.0,1374.0,20220429,20221013,39.0,119.85,56959.0,44.6,NaN,NaN,NaN,NaN,NaN
20230504,060560,12,500.0,638.0,127670.0,3.16,1545.0,1065.0,1762.0,10.1,106.0,3.07,1030.0,13.05,1.25,5.76,1106.0,4321.0,237.0,188.0,1830.0,1005.0,1816.0,978.0,1397.0,20220504,20221013,37.31,73.34,56959.0,44.6,NaN,NaN,NaN,NaN,NaN
20230505,060560,12,500.0,638.0,127670.0,3.21,1545.0,1065.0,1762.0,10.1,106.0,2.96,1030.0,13.05,1.25,5.76,1106.0,4321.0,237.0,188.0,1830.0,1005.0,1816.0,978.0,1397.0,20220504,20221013,37.31,73.7,56959.0,44.6,NaN,NaN,NaN,NaN,NaN
20230508,060560,12,500.0,638.0,127670.0,3.21,1545.0,1065.0,1782.0,10.1,106.0,2.96,1020.0,13.2,1.26,5.81,1106.0,4321.0,237.0,188.0,1830.0,1005.0,1794.0,966.0,1380.0,20220504,20221013,38.91,185.59,56959.0,44.6,NaN,NaN,NaN,NaN,NaN
20230509,060560,12,500.0,638.0,127670.0,3.19,1545.0,1065.0,1782.0,10.1,106.0,3.02,1030.0,13.2,1.26,5.81,1106.0,4321.0,237.0,188.0,1830.0,1005.0,1814.0,978.0,1396.0,20220504,20221013,38.91,58.04,56959.0,44.6,NaN,NaN,NaN,NaN,NaN
20230510,060560,12,500.0,638.0,127670.0,3.23,1545.0,1065.0,1762.0,10.1,106.0,3.02,1030.0,13.05,1.25,5.76,1106.0,4321.0,237.0,188.0,1805.0,1005.0,1814.0,978.0,1396.0,20220506,20221013,37.31,83.73,56959.0,44.6,NaN,NaN,NaN,NaN,NaN
20230511,060560,12,500.0,638.0,127670.0,3.21,1545.0,1065.0,1790.0,10.1,106.0,3.02,1020.0,13.26,1.27,5.83,1106.0,4321.0,237.0,188.0,1785.0,1005.0,1794.0,966.0,1380.0,20220510,20221013,39.5,119.73,56959.0,44.6,NaN,NaN,NaN,NaN,NaN
20230512,060560,12,500.0,638.0,127670.0,3.26,1545.0,1065.0,1803.0,10.1,106.0,3.15,1030.0,13.35,1.28,5.86,1106.0,4321.0,237.0,188.0,1785.0,1005.0,1822.0,982.0,1402.0,20220510,20221013,40.5,193.69,56959.0,44.6,NaN,NaN,NaN,NaN,NaN
20230515,060560,12,500.0,638.0,127670.0,3.23,1545.0,1065.0,1813.0,10.1,106.0,3.01,1040.0,13.43,1.28,5.88,1106.0,4321.0,237.0,188.0,1685.0,1005.0,1835.0,989.0,1412.0,20220511,20221013,41.29,58.58,56959.0,44.6,NaN,NaN,NaN,NaN,NaN
20230516,060560,12,500.0,638.0,127670.0,3.17,1545.0,1065.0,1851.0,10.1,106.0,3.0,1050.0,13.71,1.31,5.97,1106.0,4321.0,237.0,188.0,1665.0,1005.0,1846.0,994.0,1420.0,20220512,20221013,44.28,220.46,56959.0,44.6,NaN,NaN,NaN,NaN,NaN
20230517,060560,12,500.0,638.0,127670.0,3.2,1545.0,1065.0,1782.0,10.1,106.0,3.09,1070.0,13.2,1.26,5.81,1106.0,4321.0,237.0,188.0,1660.0,1005.0,1885.0,1015.0,1450.0,20220518,20221013,38.91,79.34,56959.0,44.6,NaN,NaN,NaN,NaN,NaN
20230518,060560,12,500.0,638.0,127670.0,3.22,1545.0,1065.0,1755.0,10.1,106.0,2.8,1030.0,13.0,1.24,5.75,1106.0,4321.0,237.0,188.0,1660.0,1005.0,1814.0,978.0,1396.0,20220518,20221013,36.82,40.59,56959.0,44.6,NaN,NaN,NaN,NaN,NaN
20230519,060560,12,500.0,638.0,127670.0,3.2,1545.0,1065.0,1729.0,10.1,106.0,2.69,1010.0,12.8,1.22,5.69,1106.0,4321.0,237.0,188.0,1660.0,1005.0,1787.0,963.0,1375.0,20220518,20221013,34.73,115.84,56959.0,44.6,NaN,NaN,NaN,NaN,NaN
20230522,060560,12,500.0,638.0,127670.0,3.16,1545.0,1065.0,1762.0,10.1,106.0,2.68,1000.0,13.05,1.25,5.76,1106.0,4321.0,237.0,188.0,1660.0,1005.0,1760.0,948.0,1354.0,20220518,20221013,37.31,48.57,56959.0,44.6,NaN,NaN,NaN,NaN,NaN
20230523,060560,12,500.0,638.0,127670.0,3.18,1545.0,1065.0,1743.0,10.1,106.0,2.72,1020.0,12.91,1.23,5.72,1106.0,4321.0,237.0,188.0,1600.0,1005.0,1794.0,966.0,1380.0,20220519,20221013,35.82,88.02,56959.0,44.6,NaN,NaN,NaN,NaN,NaN
20230524,060560,12,500.0,638.0,127670.0,3.28,1545.0,1065.0,1731.0,10.1,106.0,2.68,1010.0,12.82,1.23,5.69,1106.0,4321.0,237.0,188.0,1580.0,1005.0,1774.0,956.0,1365.0,20220520,20221013,34.93,119.15,56959.0,44.6,NaN,NaN,NaN,NaN,NaN
20230525,060560,12,500.0,638.0,127670.0,3.27,1545.0,1065.0,1701.0,10.1,106.0,2.66,1000.0,12.6,1.2,5.62,1106.0,4321.0,237.0,188.0,1570.0,1005.0,1762.0,950.0,1356.0,20220602,20221013,32.54,124.57,56959.0,44.6,NaN,NaN,NaN,NaN,NaN
20230526,060560,12,500.0,638.0,127670.0,3.26,1545.0,1065.0,1675.0,10.1,106.0,2.63,980.0,12.41,1.19,5.56,1106.0,4321.0,237.0,188.0,1570.0,1005.0,1731.0,933.0,1332.0,20220602,20221013,30.55,91.04,56959.0,44.6,NaN,NaN,NaN,NaN,NaN
20230529,060560,12,500.0,638.0,127670.0,3.27,1545.0,1065.0,1675.0,10.1,106.0,2.53,980.0,12.41,1.19,5.56,1106.0,4321.0,237.0,188.0,1570.0,1005.0,1731.0,933.0,1332.0,20220602,20221013,30.55,92.15,56959.0,44.6,NaN,NaN,NaN,NaN,NaN
20230530,060560,12,500.0,638.0,127670.0,3.27,1545.0,1065.0,1666.0,10.1,106.0,2.53,970.0,12.34,1.18,5.54,1106.0,4321.0,237.0,188.0,1570.0,1005.0,1705.0,919.0,1312.0,20220602,20221013,29.85,71.54,56959.0,44.6,NaN,NaN,NaN,NaN,NaN
20230531,060560,12,500.0,638.0,127670.0,3.24,1545.0,1065.0,1685.0,10.1,106.0,2.53,960.0,12.48,1.19,5.59,1106.0,4321.0,237.0,188.0,1570.0,1005.0,1696.0,914.0,1305.0,20220602,20221013,31.34,81.49,56959.0,44.6,NaN,NaN,NaN,NaN,NaN
20230601,060560,12,500.0,638.0,127670.0,3.24,1545.0,1065.0,1735.0,10.1,106.0,2.52,970.0,12.85,1.23,5.7,1106.0,4321.0,237.0,188.0,1570.0,1005.0,1716.0,924.0,1320.0,20220602,20221013,35.22,419.19,56959.0,44.6,NaN,NaN,NaN,NaN,NaN
20230602,060560,12,500.0,638.0,127670.0,3.25,1545.0,1065.0,1734.0,10.1,106.0,2.56,1000.0,12.84,1.23,5.7,1106.0,4321.0,237.0,188.0,1570.0,1005.0,1766.0,952.0,1359.0,20220602,20221013,35.12,21.26,56959.0,44.6,NaN,NaN,NaN,NaN,NaN
20230605,060560,12,500.0,638.0,127670.0,3.27,1545.0,1065.0,1735.0,10.1,106.0,2.54,1000.0,12.85,1.23,5.7,1106.0,4321.0,237.0,188.0,1570.0,1005.0,1765.0,951.0,1358.0,20220602,20221013,35.22,67.92,56959.0,44.6,NaN,NaN,NaN,NaN,NaN
20230606,060560,12,500.0,638.0,127670.0,3.22,1545.0,1065.0,1735.0,10.1,106.0,2.54,1000.0,12.85,1.23,5.7,1106.0,4321.0,237.0,188.0,1570.0,1005.0,1765.0,951.0,1358.0,20220602,20221013,35.22,70.57,56959.0,44.6,NaN,NaN,NaN,NaN,NaN
20230607,060560,12,500.0,638.0,127670.0,3.22,1545.0,1065.0,1720.0,10.1,106.0,2.54,1000.0,12.74,1.22,5.67,1106.0,4321.0,237.0,188.0,1570.0,1005.0,1766.0,952.0,1359.0,20220602,20221013,34.03,118.77,56959.0,44.6,NaN,NaN,NaN,NaN,NaN
20230608,060560,12,500.0,638.0,127670.0,3.24,1545.0,1065.0,1698.0,10.1,106.0,2.52,990.0,12.58,1.2,5.62,1106.0,4321.0,237.0,188.0,1555.0,1005.0,1751.0,943.0,1347.0,20220803,20221013,32.34,103.95,56959.0,44.6,NaN,NaN,NaN,NaN,NaN
20230609,060560,12,500.0,638.0,127670.0,3.25,1545.0,1065.0,1739.0,10.1,106.0,2.51,980.0,12.88,1.23,5.71,1106.0,4321.0,237.0,188.0,1555.0,1005.0,1729.0,931.0,1330.0,20220803,20221013,35.52,200.73,56959.0,44.6,NaN,NaN,NaN,NaN,NaN
20230612,060560,12,500.0,638.0,127670.0,3.29,1545.0,1065.0,1729.0,10.1,106.0,2.53,1000.0,12.8,1.22,5.69,1106.0,4321.0,237.0,188.0,1555.0,1005.0,1770.0,954.0,1362.0,20220803,20221013,34.73,50.28,56959.0,44.6,NaN,NaN,NaN,NaN,NaN
20230613,060560,12,500.0,638.0,127670.0,3.3,1545.0,1065.0,1722.0,10.1,106.0,2.51,1000.0,12.76,1.22,5.67,1106.0,4321.0,237.0,188.0,1555.0,1005.0,1760.0,948.0,1354.0,20220803,20221013,34.23,96.41,56959.0,44.6,NaN,NaN,NaN,NaN,NaN
20230614,060560,12,500.0,638.0,127670.0,3.29,1545.0,1065.0,1701.0,10.1,106.0,2.48,990.0,12.6,1.2,5.62,1106.0,4321.0,237.0,188.0,1555.0,1005.0,1753.0,945.0,1349.0,20220803,20221013,32.54,178.72,56959.0,44.6,NaN,NaN,NaN,NaN,NaN
20230615,060560,12,500.0,638.0,127670.0,3.29,1545.0,1065.0,1675.0,10.1,106.0,2.44,980.0,12.41,1.19,5.56,1106.0,4321.0,237.0,188.0,1555.0,1005.0,1731.0,933.0,1332.0,20220803,20221013,30.55,105.47,56959.0,44.6,NaN,NaN,NaN,NaN,NaN
20230616,060560,12,500.0,638.0,127670.0,3.31,1545.0,1065.0,1687.0,10.1,106.0,2.38,970.0,12.49,1.19,5.59,1106.0,4321.0,237.0,188.0,1555.0,1005.0,1705.0,919.0,1312.0,20220803,20221013,31.44,59.65,56959.0,44.6,NaN,NaN,NaN,NaN,NaN
20230619,060560,12,500.0,638.0,127670.0,3.34,1545.0,1065.0,1715.0,10.1,106.0,2.44,970.0,12.7,1.21,5.65,1106.0,4321.0,237.0,188.0,1555.0,1005.0,1717.0,925.0,1321.0,20220803,20221013,33.63,73.72,56959.0,44.6,NaN,NaN,NaN,NaN,NaN
20230620,060560,12,500.0,638.0,127670.0,3.37,1545.0,1065.0,1734.0,10.1,106.0,2.44,990.0,12.84,1.23,5.7,1106.0,4321.0,237.0,188.0,1555.0,1005.0,1745.0,941.0,1343.0,20220803,20221013,35.12,836.7,56959.0,44.6,NaN,NaN,NaN,NaN,NaN
20230621,060560,12,500.0,638.0,127670.0,3.37,1545.0,1065.0,1753.0,10.1,106.0,2.43,1000.0,12.98,1.24,5.74,1106.0,4321.0,237.0,188.0,1555.0,1005.0,1765.0,951.0,1358.0,20220803,20221013,36.62,38.93,56959.0,44.6,NaN,NaN,NaN,NaN,NaN
20230622,060560,12,500.0,638.0,127670.0,3.39,1545.0,1065.0,1748.0,10.1,106.0,2.43,1010.0,12.95,1.24,5.73,1106.0,4321.0,237.0,188.0,1555.0,1005.0,1784.0,962.0,1373.0,20220803,20221013,36.22,92.59,56959.0,44.6,NaN,NaN,NaN,NaN,NaN
20230623,060560,12,500.0,638.0,127670.0,3.37,1545.0,1065.0,1725.0,10.1,106.0,2.55,1010.0,12.78,1.22,5.68,1106.0,4321.0,237.0,188.0,1555.0,1005.0,1779.0,959.0,1369.0,20220803,20221013,34.43,57.66,56959.0,44.6,NaN,NaN,NaN,NaN,NaN
20230626,060560,12,500.0,638.0,127670.0,3.33,1545.0,1065.0,1739.0,10.1,106.0,2.56,990.0,12.88,1.23,5.71,1106.0,4321.0,237.0,188.0,1555.0,1005.0,1756.0,946.0,1351.0,20220803,20221013,35.52,68.46,56959.0,44.6,NaN,NaN,NaN,NaN,NaN
20230627,060560,12,500.0,638.0,127670.0,3.24,1545.0,1065.0,1759.0,10.1,106.0,2.6,1000.0,13.03,1.25,5.76,1106.0,4321.0,237.0,188.0,1555.0,1005.0,1770.0,954.0,1362.0,20220803,20221013,37.11,236.05,56959.0,44.6,NaN,NaN,NaN,NaN,NaN
20230628,060560,12,500.0,638.0,127670.0,3.24,1545.0,1065.0,1757.0,10.1,106.0,2.7,1010.0,13.01,1.24,5.75,1106.0,4321.0,237.0,188.0,1555.0,1005.0,1791.0,965.0,1378.0,20220803,20221013,36.92,148.29,56959.0,44.6,NaN,NaN,NaN,NaN,NaN
20230629,060560,12,500.0,638.0,127670.0,3.23,1545.0,1065.0,1735.0,10.1,106.0,2.77,1010.0,12.85,1.23,5.7,1106.0,4321.0,237.0,188.0,1555.0,1005.0,1788.0,964.0,1376.0,20220803,20221013,35.22,55.83,56959.0,44.6,NaN,NaN,NaN,NaN,NaN
20230630,060560,12,500.0,638.0,127670.0,3.23,1545.0,1065.0,1762.0,10.1,106.0,2.7,1000.0,13.05,1.25,5.76,1106.0,4321.0,237.0,188.0,1555.0,1005.0,1766.0,952.0,1359.0,20220803,20221013,37.31,99.08,56959.0,44.6,NaN,NaN,NaN,NaN,NaN
20230703,060560,12,500.0,638.0,127670.0,2.92,1545.0,1065.0,1764.0,10.1,106.0,2.81,1020.0,13.07,1.25,5.77,1106.0,4321.0,237.0,188.0,1555.0,1005.0,1794.0,966.0,1380.0,20220803,20221013,37.51,115.8,56959.0,44.6,NaN,NaN,NaN,NaN,NaN
20230704,060560,12,500.0,638.0,127670.0,2.93,1545.0,1065.0,1769.0,10.1,106.0,2.89,1020.0,13.11,1.25,5.78,1106.0,4321.0,237.0,188.0,1555.0,1005.0,1796.0,968.0,1382.0,20220803,20221013,37.91,71.83,56959.0,44.6,NaN,NaN,NaN,NaN,NaN
20230705,060560,12,500.0,638.0,127670.0,2.91,1545.0,1065.0,1747.0,10.1,106.0,2.86,1020.0,12.94,1.24,5.73,1106.0,4321.0,237.0,188.0,1555.0,1005.0,1801.0,971.0,1386.0,20220803,20221013,36.12,129.1,56959.0,44.6,NaN,NaN,NaN,NaN,NaN
20230706,060560,12,500.0,638.0,127670.0,2.89,1545.0,1065.0,1709.0,10.1,106.0,2.78,1010.0,12.66,1.21,5.64,1106.0,4321.0,237.0,188.0,1555.0,1005.0,1778.0,958.0,1368.0,20220803,20221013,33.23,103.48,56959.0,44.6,NaN,NaN,NaN,NaN,NaN
20230707,060560,12,500.0,638.0,127670.0,2.88,1545.0,1065.0,1690.0,10.1,106.0,2.78,990.0,12.52,1.2,5.6,1106.0,4321.0,237.0,188.0,1555.0,1005.0,1740.0,938.0,1339.0,20220803,20221013,31.74,80.81,56959.0,44.6,NaN,NaN,NaN,NaN,NaN
20230710,060560,12,500.0,638.0,127670.0,2.95,1545.0,1065.0,1692.0,10.1,106.0,2.72,970.0,12.53,1.2,5.6,1106.0,4321.0,237.0,188.0,1555.0,1005.0,1721.0,927.0,1324.0,20220803,20221013,31.84,78.88,56959.0,44.6,NaN,NaN,NaN,NaN,NaN
20230712,060560,12,500.0,638.0,127670.0,2.95,1545.0,1065.0,1678.0,10.1,106.0,2.61,970.0,12.43,1.19,5.57,1106.0,4321.0,237.0,188.0,1555.0,1005.0,1714.0,924.0,1319.0,20220803,20221013,30.75,125.48,56959.0,44.6,NaN,NaN,NaN,NaN,NaN
20230713,060560,12,500.0,638.0,127670.0,2.96,1545.0,1065.0,1666.0,10.1,106.0,2.61,970.0,12.34,1.18,5.54,1106.0,4321.0,237.0,188.0,1555.0,1005.0,1708.0,920.0,1314.0,20220803,20221013,29.85,95.39,56959.0,44.6,NaN,NaN,NaN,NaN,NaN
20230714,060560,12,500.0,638.0,127670.0,2.96,1545.0,1065.0,1632.0,10.1,106.0,2.51,960.0,12.09,1.16,5.46,1106.0,4321.0,237.0,188.0,1555.0,1005.0,1696.0,914.0,1305.0,20220803,20221013,27.16,220.74,56959.0,44.6,NaN,NaN,NaN,NaN,NaN
20230717,060560,12,500.0,638.0,127670.0,2.96,1545.0,1065.0,1658.0,10.1,106.0,2.42,940.0,12.28,1.17,5.52,1106.0,4321.0,237.0,188.0,1555.0,1005.0,1661.0,895.0,1278.0,20220803,20221013,29.25,40.22,56959.0,44.6,NaN,NaN,NaN,NaN,NaN
20230718,060560,12,500.0,638.0,127670.0,2.99,1545.0,1065.0,1628.0,10.1,106.0,2.45,960.0,12.06,1.15,5.45,1106.0,4321.0,237.0,188.0,1555.0,1005.0,1688.0,910.0,1299.0,20220803,20221013,26.87,112.92,56959.0,44.6,NaN,NaN,NaN,NaN,NaN
20230719,060560,12,500.0,638.0,127670.0,3.0,1545.0,1065.0,1597.0,10.1,106.0,2.39,940.0,11.83,1.13,5.38,1106.0,4321.0,237.0,188.0,1555.0,1005.0,1657.0,893.0,1275.0,20220803,20221013,24.48,102.0,56959.0,44.6,NaN,NaN,NaN,NaN,NaN
20230720,060560,12,500.0,638.0,127670.0,2.99,1545.0,1065.0,1618.0,10.1,106.0,2.33,920.0,11.98,1.15,5.43,1106.0,4321.0,237.0,188.0,1555.0,1005.0,1626.0,876.0,1251.0,20220803,20221013,26.07,74.56,56959.0,44.6,NaN,NaN,NaN,NaN,NaN
20230721,060560,12,500.0,638.0,127670.0,3.03,1545.0,1065.0,1600.0,10.1,106.0,2.35,930.0,11.85,1.13,5.39,1106.0,4321.0,237.0,188.0,1555.0,1005.0,1647.0,887.0,1267.0,20220803,20221013,24.68,64.32,56959.0,44.6,NaN,NaN,NaN,NaN,NaN
20230724,060560,12,500.0,638.0,127670.0,3.06,1545.0,1065.0,1535.0,10.1,106.0,2.35,920.0,11.37,1.09,5.24,1106.0,4321.0,237.0,188.0,1555.0,1005.0,1628.0,878.0,1253.0,20220803,20221013,19.6,409.59,56959.0,44.6,NaN,NaN,NaN,NaN,NaN
20230725,060560,12,500.0,638.0,127670.0,3.07,1545.0,1065.0,1529.0,10.1,106.0,2.35,880.0,11.33,1.08,5.23,1106.0,4321.0,237.0,188.0,1555.0,1005.0,1562.0,842.0,1202.0,20220803,20221013,19.2,38.71,56959.0,44.6,NaN,NaN,NaN,NaN,NaN
20230726,060560,12,500.0,638.0,127670.0,3.09,1545.0,1065.0,1475.0,10.1,106.0,2.36,880.0,10.92,1.04,5.1,1106.0,4321.0,237.0,188.0,1555.0,1005.0,1557.0,839.0,1198.0,20220803,20221013,14.93,272.84,56959.0,44.6,NaN,NaN,NaN,NaN,NaN
20230727,060560,12,500.0,638.0,127670.0,3.12,1545.0,1065.0,1482.0,10.1,106.0,2.4,850.0,10.98,1.05,5.12,1106.0,4321.0,237.0,188.0,1555.0,1005.0,1501.0,809.0,1155.0,20220803,20221013,15.52,51.65,56959.0,44.6,NaN,NaN,NaN,NaN,NaN
20230728,060560,12,500.0,638.0,127670.0,3.07,1545.0,1065.0,1523.0,10.1,106.0,2.43,850.0,11.28,1.08,5.21,1106.0,4321.0,237.0,188.0,1555.0,1005.0,1509.0,813.0,1161.0,20220803,20221013,18.71,86.86,56959.0,44.6,NaN,NaN,NaN,NaN,NaN
20230731,060560,12,500.0,638.0,127670.0,2.98,1545.0,1065.0,1519.0,10.1,106.0,2.53,880.0,11.25,1.08,5.2,1106.0,4321.0,237.0,188.0,1555.0,1005.0,1550.0,836.0,1193.0,20220803,20221013,18.41,47.1,56959.0,44.6,NaN,NaN,NaN,NaN,NaN
20230801,060560,12,500.0,638.0,127670.0,3.0,1545.0,1065.0,1522.0,10.1,106.0,2.51,880.0,11.27,1.08,5.21,1106.0,4321.0,237.0,188.0,1555.0,1005.0,1547.0,833.0,1190.0,20220803,20221013,18.61,102.64,56959.0,44.6,NaN,NaN,NaN,NaN,NaN
20230802,060560,12,500.0,638.0,127670.0,2.96,1545.0,1065.0,1492.0,10.1,106.0,2.46,880.0,11.05,1.06,5.14,1106.0,4321.0,237.0,188.0,1555.0,1005.0,1549.0,835.0,1192.0,20220803,20221013,16.32,168.88,56959.0,44.6,NaN,NaN,NaN,NaN,NaN
20230803,060560,12,500.0,638.0,127670.0,2.99,1545.0,1065.0,1509.0,10.1,106.0,2.44,860.0,11.18,1.07,5.18,1106.0,4321.0,237.0,188.0,1555.0,1005.0,1519.0,819.0,1169.0,20220803,20221013,17.61,109.26,56959.0,44.6,NaN,NaN,NaN,NaN,NaN
20230804,060560,12,500.0,638.0,127670.0,3.01,1545.0,1065.0,1523.0,10.1,106.0,2.46,870.0,11.28,1.08,5.21,1106.0,4321.0,237.0,188.0,1555.0,1005.0,1536.0,828.0,1182.0,20220803,20221013,18.71,42.24,56959.0,44.6,NaN,NaN,NaN,NaN,NaN
20230807,060560,12,500.0,638.0,127670.0,3.05,1545.0,1065.0,1540.0,10.1,106.0,2.47,880.0,11.4,1.09,5.25,1106.0,4321.0,237.0,188.0,1555.0,1005.0,1550.0,836.0,1193.0,20220803,20221013,20.0,183.87,56959.0,44.6,NaN,NaN,NaN,NaN,NaN
20230808,060560,12,500.0,638.0,127670.0,3.05,1545.0,1065.0,1546.0,10.1,106.0,2.5,890.0,11.45,1.09,5.26,1106.0,4321.0,237.0,188.0,1545.0,1005.0,1567.0,845.0,1206.0,20230426,20221013,20.5,303.85,56959.0,44.6,NaN,NaN,NaN,NaN,NaN
20230809,060560,12,500.0,638.0,127670.0,3.05,1545.0,1065.0,1586.0,10.1,106.0,2.43,890.0,11.74,1.12,5.36,1106.0,4321.0,237.0,188.0,1545.0,1005.0,1574.0,848.0,1211.0,20230426,20221013,23.58,1379.1,56959.0,44.6,NaN,NaN,NaN,NaN,NaN
20230810,060560,12,500.0,638.0,127670.0,3.06,1545.0,1065.0,1586.0,10.1,106.0,2.29,910.0,11.74,1.12,5.36,1106.0,4321.0,237.0,188.0,1545.0,1005.0,1614.0,870.0,1242.0,20230426,20221013,23.58,5.52,56959.0,44.6,NaN,NaN,NaN,NaN,NaN
20230811,060560,12,500.0,638.0,127670.0,3.1,1545.0,1065.0,1586.0,10.1,106.0,2.36,910.0,11.74,1.12,5.36,1106.0,4321.0,237.0,188.0,1545.0,1005.0,1614.0,870.0,1242.0,20230426,20221013,23.58,58.7,56959.0,44.6,NaN,NaN,NaN,NaN,NaN
20230814,060560,12,500.0,638.0,127670.0,3.29,1545.0,1065.0,1652.0,10.1,106.0,2.36,910.0,12.24,1.17,5.51,1106.0,4321.0,237.0,188.0,1545.0,1005.0,1614.0,870.0,1242.0,20230426,20221013,28.76,1380.9,56959.0,44.6,NaN,NaN,NaN,NaN,NaN
20230815,060560,12,500.0,638.0,127670.0,3.25,1545.0,1065.0,1652.0,10.1,106.0,2.43,910.0,12.24,1.17,5.51,1106.0,4321.0,237.0,188.0,1545.0,1005.0,1614.0,870.0,1242.0,20230426,20221013,28.76,1397.41,56959.0,44.6,NaN,NaN,NaN,NaN,NaN
20230816,060560,12,500.0,638.0,127670.0,3.25,1545.0,1065.0,1633.0,10.1,106.0,2.43,950.0,12.09,1.16,5.46,1106.0,4321.0,237.0,188.0,1545.0,1005.0,1682.0,906.0,1294.0,20230426,20221013,27.26,15.2,56959.0,44.6,NaN,NaN,NaN,NaN,NaN
20230817,060560,12,500.0,638.0,127670.0,3.25,1545.0,1065.0,1595.0,10.1,106.0,2.47,940.0,11.81,1.13,5.38,1106.0,4321.0,237.0,188.0,1545.0,1005.0,1662.0,896.0,1279.0,20230426,20221013,24.28,63.68,56959.0,44.6,NaN,NaN,NaN,NaN,NaN
20230818,060560,12,500.0,638.0,127670.0,3.17,1545.0,1065.0,1583.0,10.1,106.0,2.35,920.0,11.73,1.12,5.35,1106.0,4321.0,237.0,188.0,1545.0,1005.0,1623.0,875.0,1249.0,20230426,20221013,23.38,58.64,56959.0,44.6,NaN,NaN,NaN,NaN,NaN
20230821,060560,12,500.0,638.0,127670.0,3.2,1545.0,1065.0,1583.0,10.1,106.0,2.4,910.0,11.73,1.12,5.35,1106.0,4321.0,237.0,188.0,1545.0,1005.0,1612.0,868.0,1240.0,20230426,20221013,23.38,63.1,56959.0,44.6,NaN,NaN,NaN,NaN,NaN
20230822,060560,12,500.0,638.0,127670.0,3.24,1545.0,1065.0,1586.0,10.1,106.0,2.4,910.0,11.74,1.12,5.36,1106.0,4321.0,237.0,188.0,1545.0,1005.0,1612.0,868.0,1240.0,20230426,20221013,23.58,110.9,56959.0,44.6,NaN,NaN,NaN,NaN,NaN
20230823,060560,12,500.0,638.0,127670.0,3.25,1545.0,1065.0,1618.0,10.1,106.0,2.39,910.0,11.98,1.15,5.43,1106.0,4321.0,237.0,188.0,1545.0,1005.0,1614.0,870.0,1242.0,20230426,20221013,26.07,209.1,56959.0,44.6,NaN,NaN,NaN,NaN,NaN
20230824,060560,12,500.0,638.0,127670.0,3.23,1545.0,1065.0,1648.0,10.1,106.0,2.45,930.0,12.21,1.17,5.5,1106.0,4321.0,237.0,188.0,1545.0,1005.0,1647.0,887.0,1267.0,20230426,20221013,28.46,190.09,56959.0,44.6,NaN,NaN,NaN,NaN,NaN
20230825,060560,12,500.0,638.0,127670.0,3.19,1545.0,1065.0,1649.0,10.1,106.0,2.47,950.0,12.22,1.17,5.5,1106.0,4321.0,237.0,188.0,1545.0,1005.0,1678.0,904.0,1291.0,20230426,20221013,28.56,62.21,56959.0,44.6,NaN,NaN,NaN,NaN,NaN
20230828,060560,12,500.0,638.0,127670.0,3.21,1545.0,1065.0,1657.0,10.1,106.0,2.48,950.0,12.27,1.17,5.52,1106.0,4321.0,237.0,188.0,1545.0,1005.0,1679.0,905.0,1292.0,20230426,20221013,29.15,74.23,56959.0,44.6,NaN,NaN,NaN,NaN,NaN
20230829,060560,12,500.0,638.0,127670.0,3.25,1545.0,1065.0,1664.0,10.1,106.0,2.56,960.0,12.32,1.18,5.54,1106.0,4321.0,237.0,188.0,1545.0,1005.0,1687.0,909.0,1298.0,20230426,20221013,29.65,77.59,56959.0,44.6,NaN,NaN,NaN,NaN,NaN
20230830,060560,12,500.0,638.0,127670.0,3.25,1545.0,1065.0,1690.0,10.1,106.0,2.59,960.0,12.52,1.2,5.6,1106.0,4321.0,237.0,188.0,1545.0,1005.0,1693.0,913.0,1303.0,20230426,20221013,31.74,194.19,56959.0,44.6,NaN,NaN,NaN,NaN,NaN
20230831,060560,12,500.0,638.0,127670.0,3.28,1545.0,1065.0,1649.0,10.1,106.0,2.72,970.0,12.22,1.17,5.5,1106.0,4321.0,237.0,188.0,1545.0,1005.0,1721.0,927.0,1324.0,20230426,20221013,28.56,77.72,56959.0,44.6,NaN,NaN,NaN,NaN,NaN
20230901,060560,12,500.0,638.0,127670.0,3.26,1545.0,1065.0,1635.0,10.1,106.0,2.64,950.0,12.11,1.16,5.47,1106.0,4321.0,237.0,188.0,1545.0,1005.0,1679.0,905.0,1292.0,20230426,20221013,27.46,47.15,56959.0,44.6,NaN,NaN,NaN,NaN,NaN
20230904,060560,12,500.0,638.0,127670.0,3.23,1545.0,1065.0,1621.0,10.1,106.0,2.65,940.0,12.01,1.15,5.44,1106.0,4321.0,237.0,188.0,1545.0,1005.0,1665.0,897.0,1281.0,20230426,20221013,26.37,92.1,56959.0,44.6,NaN,NaN,NaN,NaN,NaN
20230905,060560,12,500.0,638.0,127670.0,3.3,1545.0,1065.0,1627.0,10.1,106.0,2.61,930.0,12.05,1.15,5.45,1106.0,4321.0,237.0,188.0,1545.0,1005.0,1651.0,889.0,1270.0,20230426,20221013,26.77,68.09,56959.0,44.6,NaN,NaN,NaN,NaN,NaN
20230906,060560,12,500.0,638.0,127670.0,3.25,1545.0,1065.0,1642.0,10.1,106.0,2.58,940.0,12.16,1.16,5.49,1106.0,4321.0,237.0,188.0,1545.0,1005.0,1656.0,892.0,1274.0,20230426,20221013,27.96,244.13,56959.0,44.6,NaN,NaN,NaN,NaN,NaN
20230907,060560,12,500.0,638.0,127670.0,3.25,1545.0,1065.0,1606.0,10.1,106.0,2.64,950.0,11.9,1.14,5.4,1106.0,4321.0,237.0,188.0,1545.0,1005.0,1671.0,901.0,1286.0,20230426,20221013,25.17,72.68,56959.0,44.6,NaN,NaN,NaN,NaN,NaN
20230908,060560,12,500.0,638.0,127670.0,3.26,1545.0,1065.0,1651.0,10.1,106.0,2.58,930.0,12.23,1.17,5.51,1106.0,4321.0,237.0,188.0,1545.0,1005.0,1635.0,881.0,1258.0,20230426,20221013,28.66,106.3,56959.0,44.6,NaN,NaN,NaN,NaN,NaN
20230911,060560,12,500.0,638.0,127670.0,3.27,1545.0,1065.0,1646.0,10.1,106.0,2.61,950.0,12.19,1.17,5.49,1106.0,4321.0,237.0,188.0,1545.0,1005.0,1680.0,906.0,1293.0,20230426,20221013,28.26,61.53,56959.0,44.6,NaN,NaN,NaN,NaN,NaN
20230914,060560,12,500.0,638.0,127670.0,3.24,1545.0,1065.0,1656.0,10.1,106.0,2.57,960.0,12.26,1.17,5.52,1106.0,4321.0,237.0,188.0,1545.0,1005.0,1692.0,912.0,1302.0,20230426,20221013,29.05,38.02,56959.0,44.6,NaN,NaN,NaN,NaN,NaN
20230922,060560,12,500.0,638.0,127670.0,3.25,1545.0,1065.0,1558.0,10.1,106.0,2.46,910.0,11.54,1.1,5.29,1106.0,4321.0,237.0,188.0,1545.0,1005.0,1615.0,871.0,1243.0,20230426,20221013,21.39,92.7,56959.0,44.6,NaN,NaN,NaN,NaN,NaN
20230925,060560,12,500.0,638.0,127670.0,3.21,1545.0,1065.0,1550.0,10.1,106.0,2.46,900.0,11.48,1.1,5.27,1106.0,4321.0,237.0,188.0,1545.0,1005.0,1586.0,854.0,1220.0,20230426,20221013,20.8,46.94,56959.0,44.6,NaN,NaN,NaN,NaN,NaN
20230926,060560,12,500.0,638.0,127670.0,3.18,1545.0,1065.0,1500.0,10.1,106.0,2.44,890.0,11.11,1.06,5.16,1106.0,4321.0,237.0,188.0,1545.0,1005.0,1578.0,850.0,1214.0,20230426,20221013,16.92,438.02,56959.0,44.6,NaN,NaN,NaN,NaN,NaN
20230927,060560,12,500.0,638.0,127670.0,3.16,1545.0,1065.0,1523.0,10.1,106.0,2.45,860.0,11.28,1.08,5.21,1106.0,4321.0,237.0,188.0,1545.0,1005.0,1527.0,823.0,1175.0,20230426,20221013,18.71,25.04,56959.0,44.6,NaN,NaN,NaN,NaN,NaN
20230928,060560,12,500.0,638.0,127670.0,3.11,1545.0,1065.0,1523.0,10.1,106.0,2.45,860.0,11.28,1.08,5.21,1106.0,4321.0,237.0,188.0,1545.0,1005.0,1527.0,823.0,1175.0,20230426,20221013,18.71,25.04,56959.0,44.6,NaN,NaN,NaN,NaN,NaN
20230929,060560,12,500.0,638.0,127670.0,3.11,1545.0,1065.0,1523.0,10.1,106.0,2.45,860.0,11.28,1.08,5.21,1106.0,4321.0,237.0,188.0,1545.0,1005.0,1527.0,823.0,1175.0,20230426,20221013,18.71,25.04,56959.0,44.6,NaN,NaN,NaN,NaN,NaN
20231002,060560,12,500.0,638.0,127670.0,3.11,1545.0,1065.0,1523.0,10.1,106.0,2.45,860.0,11.28,1.08,5.21,1106.0,4321.0,237.0,188.0,1545.0,1005.0,1527.0,823.0,1175.0,20230426,20221013,18.71,25.04,56959.0,44.6,NaN,NaN,NaN,NaN,NaN
20231003,060560,12,500.0,638.0,127670.0,3.11,1545.0,1065.0,1523.0,10.1,106.0,2.45,860.0,11.28,1.08,5.21,1106.0,4321.0,237.0,188.0,1545.0,1005.0,1527.0,823.0,1175.0,20230426,20221013,18.71,25.04,56959.0,44.6,NaN,NaN,NaN,NaN,NaN
20231004,060560,12,500.0,638.0,127670.0,3.11,1545.0,1065.0,1507.0,10.1,106.0,2.45,880.0,11.16,1.07,5.17,1106.0,4321.0,237.0,188.0,1545.0,1005.0,1550.0,836.0,1193.0,20230426,20221013,17.41,254.68,56959.0,44.6,NaN,NaN,NaN,NaN,NaN
20231005,060560,12,500.0,638.0,127670.0,3.17,1545.0,1065.0,1499.0,10.1,106.0,2.46,870.0,11.1,1.06,5.16,1106.0,4321.0,237.0,188.0,1545.0,1005.0,1534.0,826.0,1180.0,20230426,20221013,16.82,65.02,56959.0,44.6,NaN,NaN,NaN,NaN,NaN
20231006,060560,12,500.0,638.0,127670.0,3.15,1545.0,1065.0,1515.0,10.1,106.0,2.42,860.0,11.22,1.07,5.19,1106.0,4321.0,237.0,188.0,1545.0,1005.0,1526.0,822.0,1174.0,20230426,20221013,18.11,56.67,56959.0,44.6,NaN,NaN,NaN,NaN,NaN
20231009,060560,12,500.0,638.0,127670.0,3.16,1545.0,1065.0,1515.0,10.1,106.0,2.43,860.0,11.22,1.07,5.19,1106.0,4321.0,237.0,188.0,1545.0,1005.0,1526.0,822.0,1174.0,20230426,20221013,18.11,56.81,56959.0,44.6,NaN,NaN,NaN,NaN,NaN
20231010,060560,12,500.0,638.0,127670.0,3.16,1545.0,1065.0,1481.0,10.1,106.0,2.43,870.0,10.97,1.05,5.11,1106.0,4321.0,237.0,188.0,1545.0,1005.0,1543.0,831.0,1187.0,20230426,20221013,15.42,194.76,56959.0,44.6,NaN,NaN,NaN,NaN,NaN
20231011,060560,12,500.0,638.0,127670.0,3.15,1545.0,1065.0,1526.0,10.1,106.0,2.4,850.0,11.3,1.08,5.22,1106.0,4321.0,237.0,188.0,1545.0,1005.0,1508.0,812.0,1160.0,20230426,20221013,18.91,127.24,56959.0,44.6,NaN,NaN,NaN,NaN,NaN
20231012,060560,12,500.0,638.0,127670.0,3.16,1545.0,1065.0,1538.0,10.1,106.0,2.56,880.0,11.39,1.09,5.25,1106.0,4321.0,237.0,188.0,1545.0,1005.0,1553.0,837.0,1195.0,20230426,20221013,19.9,23.48,56959.0,44.6,NaN,NaN,NaN,NaN,NaN
20231013,060560,12,500.0,638.0,127670.0,3.17,1545.0,1065.0,1538.0,10.1,106.0,2.55,890.0,11.39,1.09,5.25,1106.0,4321.0,237.0,188.0,1545.0,1005.0,1566.0,844.0,1205.0,20230426,20221013,19.9,258.4,56959.0,44.6,NaN,NaN,NaN,NaN,NaN
20231016,060560,12,500.0,638.0,127670.0,3.15,1545.0,1065.0,1523.0,10.1,106.0,2.54,890.0,11.28,1.08,5.21,1106.0,4321.0,237.0,188.0,1545.0,1005.0,1566.0,844.0,1205.0,20230426,20221013,18.71,47.79,56959.0,44.6,NaN,NaN,NaN,NaN,NaN
20231017,060560,12,500.0,638.0,127670.0,3.14,1545.0,1065.0,1524.0,10.1,106.0,2.52,880.0,11.29,1.08,5.21,1106.0,4321.0,237.0,188.0,1545.0,1005.0,1550.0,836.0,1193.0,20230426,20221013,18.81,148.91,56959.0,44.6,NaN,NaN,NaN,NaN,NaN
20231018,060560,12,500.0,638.0,127670.0,2.85,1545.0,1065.0,1510.0,10.1,106.0,2.53,880.0,11.19,1.07,5.18,1106.0,4321.0,237.0,188.0,1545.0,1005.0,1552.0,836.0,1194.0,20230426,20221013,17.71,85.05,56959.0,44.6,NaN,NaN,NaN,NaN,NaN
20231019,060560,12,500.0,638.0,127670.0,2.85,1545.0,1065.0,1475.0,10.1,106.0,2.5,870.0,10.92,1.04,5.1,1106.0,4321.0,237.0,188.0,1545.0,1020.0,1537.0,829.0,1183.0,20230426,20221017,13.24,242.88,56959.0,44.6,NaN,NaN,NaN,NaN,NaN
20231020,060560,12,500.0,638.0,127670.0,2.86,1545.0,1065.0,1434.0,10.1,106.0,2.44,850.0,10.62,1.02,5.01,1106.0,4321.0,237.0,188.0,1545.0,1020.0,1501.0,809.0,1155.0,20230426,20221017,10.1,99.01,56879.0,44.6,NaN,NaN,NaN,NaN,NaN
20231023,060560,12,500.0,638.0,127670.0,2.86,1545.0,1065.0,1418.0,10.1,106.0,2.41,830.0,10.51,1.0,4.97,1106.0,4321.0,237.0,188.0,1545.0,1055.0,1459.0,787.0,1123.0,20230426,20221019,5.31,81.9,56879.0,44.6,NaN,NaN,NaN,NaN,NaN
20231024,060560,12,500.0,638.0,127670.0,2.85,1545.0,1065.0,1440.0,10.1,106.0,2.37,820.0,10.67,1.02,5.02,1106.0,4321.0,237.0,188.0,1545.0,1055.0,1444.0,778.0,1111.0,20230426,20221019,6.92,176.72,56879.0,44.6,NaN,NaN,NaN,NaN,NaN
20231025,060560,12,500.0,638.0,127670.0,2.78,1545.0,1065.0,1436.0,10.1,106.0,2.5,830.0,10.64,1.02,5.01,1106.0,4321.0,237.0,188.0,1545.0,1060.0,1466.0,790.0,1128.0,20230426,20221020,6.13,13.95,56879.0,44.6,NaN,NaN,NaN,NaN,NaN
20231026,060560,12,500.0,638.0,127670.0,2.79,1545.0,1065.0,1388.0,10.1,106.0,2.49,830.0,10.28,0.98,4.9,1106.0,4321.0,237.0,188.0,1545.0,1060.0,1462.0,788.0,1125.0,20230426,20221021,2.55,493.58,56879.0,44.6,NaN,NaN,NaN,NaN,NaN
20231027,060560,12,500.0,638.0,127670.0,2.75,1545.0,1065.0,1386.0,10.1,106.0,2.41,800.0,10.27,0.98,4.9,1106.0,4321.0,237.0,188.0,1545.0,1065.0,1413.0,761.0,1087.0,20230426,20230103,1.97,39.22,56879.0,44.6,NaN,NaN,NaN,NaN,NaN
20231030,060560,12,500.0,638.0,127670.0,2.73,1545.0,1065.0,1409.0,10.1,106.0,2.4,800.0,10.44,1.0,4.95,1106.0,4321.0,237.0,188.0,1545.0,1065.0,1411.0,761.0,1086.0,20230426,20230103,3.66,110.14,56879.0,44.6,NaN,NaN,NaN,NaN,NaN
20231031,060560,12,500.0,638.0,127670.0,2.77,1545.0,1065.0,1379.0,10.1,106.0,2.44,810.0,10.21,0.98,4.88,1106.0,4321.0,237.0,188.0,1545.0,1065.0,1435.0,773.0,1104.0,20230426,20230103,1.41,190.65,56879.0,44.6,NaN,NaN,NaN,NaN,NaN
20231101,060560,12,500.0,638.0,127670.0,2.78,1545.0,1065.0,1412.0,10.1,106.0,2.35,790.0,10.46,1.0,4.95,1106.0,4321.0,237.0,188.0,1545.0,1065.0,1404.0,756.0,1080.0,20230426,20230103,3.85,58.37,56879.0,44.6,NaN,NaN,NaN,NaN,NaN
20231102,060560,12,500.0,638.0,127670.0,2.75,1545.0,1065.0,1438.0,10.1,106.0,2.39,810.0,10.65,1.02,5.01,1106.0,4321.0,237.0,188.0,1545.0,1065.0,1437.0,775.0,1106.0,20230426,20230103,5.73,84.2,56879.0,44.6,NaN,NaN,NaN,NaN,NaN
20231103,060560,12,500.0,638.0,127670.0,2.75,1545.0,1065.0,1509.0,10.1,106.0,2.42,830.0,11.18,1.07,5.18,1106.0,4321.0,237.0,188.0,1545.0,1065.0,1463.0,789.0,1126.0,20230426,20230103,10.99,6914.46,56879.0,44.6,NaN,NaN,NaN,NaN,NaN
20231106,060560,12,500.0,638.0,127670.0,2.71,1545.0,1065.0,1532.0,10.1,106.0,2.14,870.0,11.35,1.08,5.23,1106.0,4321.0,237.0,188.0,1545.0,1065.0,1536.0,828.0,1182.0,20230426,20230103,12.68,14.85,56879.0,44.6,NaN,NaN,NaN,NaN,NaN
20231107,060560,12,500.0,638.0,127670.0,2.72,1545.0,1065.0,1519.0,10.1,106.0,2.3,880.0,11.25,1.08,5.2,1106.0,4321.0,237.0,188.0,1545.0,1065.0,1560.0,840.0,1200.0,20230426,20230103,11.74,25.48,56879.0,44.6,NaN,NaN,NaN,NaN,NaN
20231108,060560,12,500.0,638.0,127670.0,2.93,1545.0,1065.0,1536.0,10.1,106.0,2.36,880.0,11.38,1.09,5.24,1106.0,4321.0,237.0,188.0,1545.0,1065.0,1547.0,833.0,1190.0,20230426,20230103,12.96,213.02,56879.0,44.6,NaN,NaN,NaN,NaN,NaN
20231109,060560,12,500.0,638.0,127670.0,2.94,1545.0,1065.0,1526.0,10.1,106.0,2.38,890.0,11.3,1.08,5.22,1106.0,4321.0,237.0,188.0,1545.0,1065.0,1563.0,843.0,1203.0,20230426,20230103,12.21,20.98,56879.0,44.6,NaN,NaN,NaN,NaN,NaN
20231110,060560,12,500.0,638.0,127670.0,2.95,1545.0,1065.0,1508.0,10.1,106.0,2.36,880.0,11.17,1.07,5.18,1106.0,4321.0,237.0,188.0,1545.0,1065.0,1553.0,837.0,1195.0,20230426,20230103,10.89,91.59,56879.0,44.6,NaN,NaN,NaN,NaN,NaN
20231113,060560,12,500.0,638.0,127670.0,2.88,1545.0,1065.0,1477.0,10.1,106.0,2.36,870.0,10.94,1.05,5.11,1106.0,4321.0,237.0,188.0,1545.0,1065.0,1535.0,827.0,1181.0,20230426,20230103,8.64,98.68,56879.0,44.6,NaN,NaN,NaN,NaN,NaN
20231114,060560,12,500.0,638.0,127670.0,2.89,1545.0,1065.0,1532.0,10.1,106.0,2.33,850.0,11.35,1.08,5.23,1106.0,4321.0,237.0,188.0,1545.0,1065.0,1504.0,810.0,1157.0,20230426,20230103,12.68,190.85,56879.0,44.6,NaN,NaN,NaN,NaN,NaN
20231116,060560,12,500.0,638.0,127670.0,2.88,1545.0,1065.0,1531.0,10.1,106.0,2.42,890.0,11.34,1.08,5.23,1106.0,4321.0,237.0,188.0,1545.0,1065.0,1565.0,843.0,1204.0,20230426,20230103,12.58,86.57,56879.0,44.6,NaN,NaN,NaN,NaN,NaN
20231120,060560,12,500.0,638.0,127670.0,2.87,1545.0,1065.0,1651.0,10.1,106.0,2.41,890.0,12.23,1.17,5.51,1106.0,4321.0,237.0,188.0,1545.0,1065.0,1563.0,843.0,1203.0,20230426,20230103,21.41,1601.11,56879.0,44.6,NaN,NaN,NaN,NaN,NaN
20231121,060560,12,500.0,638.0,127670.0,2.9,1545.0,1065.0,1605.0,10.1,106.0,2.3,950.0,11.89,1.14,5.4,1106.0,4321.0,237.0,188.0,1545.0,1065.0,1680.0,906.0,1293.0,20230426,20230103,18.03,27.43,56879.0,44.6,NaN,NaN,NaN,NaN,NaN
20231122,060560,12,500.0,638.0,127670.0,2.91,1545.0,1065.0,1589.0,10.1,106.0,2.28,930.0,11.77,1.13,5.36,1106.0,4321.0,237.0,188.0,1545.0,1065.0,1634.0,880.0,1257.0,20230426,20230103,16.9,32.04,56879.0,44.6,NaN,NaN,NaN,NaN,NaN
20231123,060560,12,500.0,638.0,127670.0,2.91,1545.0,1065.0,1586.0,10.1,106.0,2.3,920.0,11.74,1.12,5.36,1106.0,4321.0,237.0,188.0,1545.0,1065.0,1618.0,872.0,1245.0,20230426,20230103,16.62,78.04,56879.0,44.6,NaN,NaN,NaN,NaN,NaN
20231124,060560,12,500.0,638.0,127670.0,3.11,1545.0,1065.0,1573.0,10.1,106.0,2.27,910.0,11.65,1.11,5.33,1106.0,4321.0,237.0,188.0,1545.0,1065.0,1614.0,870.0,1242.0,20230426,20230103,15.68,93.11,56879.0,44.6,NaN,NaN,NaN,NaN,NaN
20231127,060560,12,500.0,638.0,127670.0,3.1,1545.0,1065.0,1567.0,10.1,106.0,2.32,910.0,11.6,1.11,5.31,1106.0,4321.0,237.0,188.0,1545.0,1065.0,1601.0,863.0,1232.0,20230426,20230103,15.21,49.35,56879.0,44.6,NaN,NaN,NaN,NaN,NaN
20231128,060560,12,500.0,638.0,127670.0,3.09,1545.0,1065.0,1570.0,10.1,106.0,2.31,900.0,11.63,1.11,5.32,1106.0,4321.0,237.0,188.0,1545.0,1065.0,1595.0,859.0,1227.0,20230426,20230103,15.49,76.25,56879.0,44.6,NaN,NaN,NaN,NaN,NaN
20231129,060560,12,500.0,638.0,127670.0,3.1,1545.0,1065.0,1559.0,10.1,106.0,2.3,910.0,11.55,1.1,5.29,1106.0,4321.0,237.0,188.0,1545.0,1065.0,1599.0,861.0,1230.0,20230426,20230103,14.65,2.13,56879.0,44.6,NaN,NaN,NaN,NaN,NaN
20231130,060560,12,500.0,638.0,127670.0,3.11,1545.0,1065.0,1565.0,10.1,106.0,2.25,900.0,11.59,1.11,5.31,1106.0,4321.0,237.0,188.0,1545.0,1065.0,1587.0,855.0,1221.0,20230426,20230103,15.12,85.84,56879.0,44.6,NaN,NaN,NaN,NaN,NaN
20231201,060560,12,500.0,638.0,127670.0,3.11,1545.0,1065.0,1575.0,10.1,106.0,2.24,900.0,11.67,1.12,5.33,1106.0,4321.0,237.0,188.0,1545.0,1065.0,1593.0,859.0,1226.0,20230426,20230103,15.87,111.13,56879.0,44.6,NaN,NaN,NaN,NaN,NaN
20231204,060560,12,500.0,638.0,127670.0,3.11,1545.0,1065.0,1572.0,10.1,106.0,2.26,910.0,11.64,1.11,5.32,1106.0,4321.0,237.0,188.0,1545.0,1065.0,1604.0,864.0,1234.0,20230426,20230103,15.59,70.12,56879.0,44.6,NaN,NaN,NaN,NaN,NaN
20231205,060560,12,500.0,638.0,127670.0,3.09,1545.0,1065.0,1560.0,10.1,106.0,2.25,910.0,11.56,1.1,5.3,1106.0,4321.0,237.0,188.0,1545.0,1065.0,1600.0,862.0,1231.0,20230426,20230103,14.74,89.67,56879.0,44.6,NaN,NaN,NaN,NaN,NaN
20231206,060560,12,500.0,638.0,127670.0,3.08,1545.0,1065.0,1536.0,10.1,106.0,2.22,900.0,11.38,1.09,5.24,1106.0,4321.0,237.0,188.0,1545.0,1065.0,1588.0,856.0,1222.0,20230426,20230103,12.96,155.84,56879.0,44.6,NaN,NaN,NaN,NaN,NaN
20231207,060560,12,500.0,638.0,127670.0,3.06,1545.0,1065.0,1537.0,10.1,106.0,2.25,890.0,11.39,1.09,5.24,1106.0,4321.0,237.0,188.0,1545.0,1065.0,1563.0,843.0,1203.0,20230426,20230103,13.05,96.26,56879.0,44.6,NaN,NaN,NaN,NaN,NaN
20231208,060560,12,500.0,638.0,127670.0,3.06,1545.0,1065.0,1541.0,10.1,106.0,2.27,890.0,11.41,1.09,5.25,1106.0,4321.0,237.0,188.0,1545.0,1065.0,1565.0,843.0,1204.0,20230426,20230103,13.33,43.8,56879.0,44.6,NaN,NaN,NaN,NaN,NaN
20231211,060560,12,500.0,638.0,127670.0,3.01,1545.0,1065.0,1544.0,10.1,106.0,2.27,890.0,11.43,1.09,5.26,1106.0,4321.0,237.0,188.0,1545.0,1065.0,1569.0,845.0,1207.0,20230426,20230103,13.52,190.92,56879.0,44.6,NaN,NaN,NaN,NaN,NaN
20231219,060560,12,500.0,638.0,127670.0,2.94,1545.0,1065.0,1531.0,10.1,106.0,2.36,890.0,11.34,1.08,5.23,1106.0,4321.0,237.0,188.0,1545.0,1065.0,1565.0,843.0,1204.0,20230426,20230103,12.58,49.85,56879.0,44.6,NaN,NaN,NaN,NaN,NaN
20231220,060560,12,500.0,638.0,127670.0,2.91,1545.0,1065.0,1526.0,10.1,106.0,2.36,880.0,11.3,1.08,5.22,1106.0,4321.0,237.0,188.0,1545.0,1065.0,1558.0,840.0,1199.0,20230426,20230103,12.21,169.6,56879.0,44.6,NaN,NaN,NaN,NaN,NaN
20231221,060560,12,500.0,638.0,127670.0,2.92,1545.0,1065.0,1523.0,10.1,106.0,2.36,880.0,11.28,1.08,5.21,1106.0,4321.0,237.0,188.0,1545.0,1065.0,1553.0,837.0,1195.0,20230426,20230103,12.02,81.36,56879.0,44.6,NaN,NaN,NaN,NaN,NaN
20231222,060560,12,500.0,638.0,127670.0,2.91,1545.0,1065.0,1523.0,10.1,106.0,2.3,880.0,11.28,1.08,5.21,1106.0,4321.0,237.0,188.0,1545.0,1065.0,1550.0,836.0,1193.0,20230426,20230103,12.02,46.18,56879.0,44.6,NaN,NaN,NaN,NaN,NaN
20231225,060560,12,500.0,638.0,127670.0,2.91,1545.0,1065.0,1523.0,10.1,106.0,2.29,880.0,11.28,1.08,5.21,1106.0,4321.0,237.0,188.0,1545.0,1065.0,1550.0,836.0,1193.0,20230426,20230103,12.02,46.84,56879.0,44.6,NaN,NaN,NaN,NaN,NaN
20231226,060560,12,500.0,638.0,127670.0,2.91,1545.0,1065.0,1522.0,10.1,106.0,2.29,880.0,11.27,1.08,5.21,1106.0,4321.0,237.0,188.0,1545.0,1065.0,1550.0,836.0,1193.0,20230426,20230103,11.92,165.82,56879.0,44.6,NaN,NaN,NaN,NaN,NaN
20231227,060560,12,500.0,638.0,127670.0,2.92,1545.0,1065.0,1523.0,10.1,106.0,2.28,880.0,11.28,1.08,5.21,1106.0,4321.0,237.0,188.0,1545.0,1065.0,1549.0,835.0,1192.0,20230426,20230103,12.02,48.39,56879.0,44.6,NaN,NaN,NaN,NaN,NaN
20231228,060560,12,500.0,638.0,127670.0,2.92,1545.0,1065.0,1536.0,10.1,106.0,2.28,880.0,11.38,1.09,5.24,1106.0,4321.0,237.0,188.0,1545.0,1065.0,1550.0,836.0,1193.0,20230426,20230103,12.96,162.3,56879.0,44.6,NaN,NaN,NaN,NaN,NaN
20231229,060560,12,500.0,638.0,127670.0,2.94,1545.0,1065.0,1536.0,10.1,106.0,2.32,880.0,11.38,1.09,5.24,1106.0,4321.0,237.0,188.0,1545.0,1065.0,1550.0,836.0,1193.0,20230426,20230103,12.96,162.38,56879.0,44.6,NaN,NaN,NaN,NaN,NaN
20240101,060560,12,500.0,638.0,127670.0,2.94,1545.0,1065.0,1536.0,10.1,106.0,2.32,880.0,11.38,1.09,5.24,1106.0,4321.0,237.0,188.0,1545.0,1065.0,1550.0,836.0,1193.0,20230426,20230103,12.96,162.38,56879.0,44.6,NaN,NaN,NaN,NaN,NaN
20240102,060560,12,500.0,638.0,127670.0,2.94,1225.0,1198.0,1550.0,10.1,106.0,2.32,910.0,11.48,1.1,5.27,1106.0,4321.0,237.0,188.0,1545.0,1065.0,1563.0,843.0,1203.0,20230426,20230103,13.99,110.67,56879.0,44.6,NaN,NaN,NaN,NaN,NaN
20240103,060560,12,500.0,638.0,127670.0,2.94,1225.0,1198.0,1535.0,10.1,106.0,2.34,920.0,11.37,1.09,5.24,1106.0,4321.0,237.0,188.0,1545.0,1065.0,1578.0,850.0,1214.0,20230426,20230103,12.86,92.64,56879.0,44.6,NaN,NaN,NaN,NaN,NaN
20240104,060560,12,500.0,638.0,127670.0,2.92,1225.0,1186.0,1524.0,10.1,106.0,2.33,910.0,11.29,1.08,5.21,1106.0,4321.0,237.0,188.0,1545.0,1065.0,1562.0,842.0,1202.0,20230426,20230103,12.11,154.04,56879.0,44.6,NaN,NaN,NaN,NaN,NaN
20240105,060560,12,500.0,638.0,127670.0,2.9,1225.0,1186.0,1535.0,10.1,106.0,2.29,900.0,11.37,1.09,5.24,1106.0,4321.0,237.0,188.0,1545.0,1065.0,1552.0,836.0,1194.0,20230426,20230103,12.86,66.08,56879.0,44.6,NaN,NaN,NaN,NaN,NaN
20240108,060560,12,500.0,638.0,127670.0,2.9,1225.0,1175.0,1526.0,10.1,106.0,2.29,910.0,11.3,1.08,5.22,1106.0,4321.0,237.0,188.0,1545.0,1065.0,1562.0,842.0,1202.0,20230426,20230103,12.21,192.78,56879.0,44.6,NaN,NaN,NaN,NaN,NaN
20240109,060560,12,500.0,638.0,127670.0,2.9,1225.0,1175.0,1533.0,10.1,106.0,2.32,900.0,11.36,1.09,5.23,1106.0,4321.0,237.0,188.0,1545.0,1065.0,1553.0,837.0,1195.0,20230426,20230103,12.77,44.91,56879.0,44.6,NaN,NaN,NaN,NaN,NaN
20240111,060560,12,500.0,638.0,127670.0,2.83,1227.0,1175.0,1524.0,10.1,106.0,2.3,900.0,11.29,1.08,5.21,1106.0,4321.0,237.0,188.0,1545.0,1069.0,1556.0,838.0,1197.0,20230426,20231024,11.69,311.28,56879.0,44.6,NaN,NaN,NaN,NaN,NaN
20240112,060560,12,500.0,638.0,127670.0,2.82,1227.0,1175.0,1519.0,10.1,106.0,2.3,900.0,11.25,1.08,5.2,1106.0,4321.0,237.0,188.0,1545.0,1069.0,1552.0,836.0,1194.0,20230426,20231024,11.32,30.25,56879.0,44.6,NaN,NaN,NaN,NaN,NaN
20240115,060560,12,500.0,638.0,127670.0,2.8,1227.0,1175.0,1509.0,10.1,106.0,2.3,900.0,11.18,1.07,5.18,1106.0,4321.0,237.0,188.0,1545.0,1069.0,1547.0,833.0,1190.0,20230426,20231024,10.57,172.24,56879.0,44.6,NaN,NaN,NaN,NaN,NaN
20240116,060560,12,500.0,638.0,127670.0,2.82,1227.0,1164.0,1489.0,10.1,106.0,2.3,890.0,11.03,1.05,5.13,1106.0,4321.0,237.0,188.0,1545.0,1069.0,1536.0,828.0,1182.0,20230426,20231024,9.07,93.61,56879.0,44.6,NaN,NaN,NaN,NaN,NaN
20240117,060560,12,500.0,638.0,127670.0,2.79,1227.0,1128.0,1445.0,10.1,106.0,2.26,880.0,10.7,1.02,5.03,1106.0,4321.0,237.0,188.0,1545.0,1069.0,1515.0,817.0,1166.0,20230426,20231024,5.89,160.17,56879.0,44.6,NaN,NaN,NaN,NaN,NaN
20240118,060560,12,500.0,638.0,127670.0,2.79,1227.0,1121.0,1448.0,10.1,106.0,2.24,860.0,10.72,1.02,5.04,1106.0,4321.0,237.0,188.0,1545.0,1069.0,1471.0,793.0,1132.0,20230426,20231024,6.08,58.58,56879.0,44.6,NaN,NaN,NaN,NaN,NaN
20240119,060560,12,500.0,638.0,127670.0,2.78,1227.0,1121.0,1457.0,10.1,106.0,2.25,860.0,10.79,1.03,5.06,1106.0,4321.0,237.0,188.0,1545.0,1069.0,1474.0,794.0,1134.0,20230426,20231024,6.74,79.45,56879.0,44.6,NaN,NaN,NaN,NaN,NaN
20240122,060560,12,500.0,638.0,127670.0,2.79,1227.0,1121.0,1459.0,10.1,106.0,2.29,860.0,10.81,1.03,5.06,1106.0,4321.0,237.0,188.0,1545.0,1069.0,1483.0,799.0,1141.0,20230426,20231024,6.92,181.49,56879.0,44.6,NaN,NaN,NaN,NaN,NaN
20240123,060560,12,500.0,638.0,127670.0,2.79,1227.0,1121.0,1441.0,10.1,106.0,2.32,860.0,10.68,1.02,5.02,1106.0,4321.0,237.0,188.0,1545.0,1069.0,1485.0,801.0,1143.0,20230426,20231024,5.61,33.67,56879.0,44.6,NaN,NaN,NaN,NaN,NaN
20240124,060560,12,500.0,638.0,127670.0,2.79,1227.0,1121.0,1434.0,10.1,106.0,2.32,850.0,10.62,1.02,5.01,1106.0,4321.0,237.0,188.0,1545.0,1069.0,1467.0,791.0,1129.0,20230426,20231024,5.05,152.52,56879.0,44.6,NaN,NaN,NaN,NaN,NaN
20240125,060560,12,500.0,638.0,127670.0,2.82,1227.0,1118.0,1432.0,10.1,106.0,2.26,850.0,10.61,1.01,5.0,1106.0,4321.0,237.0,188.0,1545.0,1069.0,1459.0,787.0,1123.0,20230426,20231024,4.96,124.91,56879.0,44.6,NaN,NaN,NaN,NaN,NaN
20240126,060560,12,500.0,638.0,127670.0,2.83,1227.0,1118.0,1471.0,10.1,106.0,2.21,850.0,10.89,1.04,5.09,1106.0,4321.0,237.0,188.0,1545.0,1069.0,1458.0,786.0,1122.0,20230426,20231024,7.76,95.59,56879.0,44.6,NaN,NaN,NaN,NaN,NaN
20240129,060560,12,500.0,638.0,127670.0,2.83,1227.0,1118.0,1468.0,10.1,106.0,2.23,870.0,10.87,1.04,5.08,1106.0,4321.0,237.0,188.0,1545.0,1069.0,1497.0,807.0,1152.0,20230426,20231024,7.58,91.0,56879.0,44.6,NaN,NaN,NaN,NaN,NaN
20240131,060560,12,500.0,638.0,127670.0,2.79,1227.0,1118.0,1453.0,10.1,106.0,2.21,860.0,10.76,1.03,5.05,1106.0,4321.0,237.0,188.0,1545.0,1069.0,1487.0,801.0,1144.0,20230426,20231024,6.45,70.56,56879.0,44.6,NaN,NaN,NaN,NaN,NaN
20240202,060560,12,500.0,638.0,127670.0,2.84,1227.0,1118.0,1453.0,10.1,106.0,2.22,850.0,10.76,1.03,5.05,1106.0,4321.0,237.0,188.0,1545.0,1069.0,1469.0,791.0,1130.0,20230426,20231024,6.45,42.17,56879.0,44.6,NaN,NaN,NaN,NaN,NaN
20240207,060560,12,500.0,638.0,127670.0,2.81,1227.0,1107.0,1427.0,10.1,106.0,2.22,840.0,10.57,1.01,4.99,1106.0,4321.0,237.0,188.0,1545.0,1069.0,1449.0,781.0,1115.0,20230426,20231024,4.58,50.72,56879.0,44.6,NaN,NaN,NaN,NaN,NaN
20240209,060560,12,500.0,638.0,127670.0,2.8,1227.0,1107.0,1438.0,10.1,106.0,2.22,840.0,10.65,1.02,5.01,1106.0,4321.0,237.0,188.0,1545.0,1069.0,1453.0,783.0,1118.0,20230426,20231024,5.33,113.74,56879.0,44.6,NaN,NaN,NaN,NaN,NaN
20240213,060560,12,500.0,638.0,127670.0,2.8,1227.0,1107.0,1454.0,10.1,106.0,2.22,850.0,10.77,1.03,5.05,1106.0,4321.0,237.0,188.0,1545.0,1069.0,1463.0,789.0,1126.0,20230426,20231024,6.55,87.78,56879.0,44.6,NaN,NaN,NaN,NaN,NaN
20240214,060560,12,500.0,638.0,127670.0,2.79,1227.0,1107.0,1468.0,10.1,106.0,2.24,860.0,10.87,1.04,5.08,1106.0,4321.0,237.0,188.0,1545.0,1069.0,1480.0,798.0,1139.0,20230426,20231024,7.58,108.03,56879.0,44.6,NaN,NaN,NaN,NaN,NaN
20240216,060560,12,500.0,638.0,127670.0,2.82,1227.0,1107.0,1467.0,10.1,106.0,2.22,870.0,10.87,1.04,5.08,1106.0,4321.0,237.0,188.0,1545.0,1069.0,1488.0,802.0,1145.0,20230426,20231024,7.48,88.81,56879.0,44.6,NaN,NaN,NaN,NaN,NaN
20240219,060560,12,500.0,638.0,127670.0,2.85,1227.0,1107.0,1475.0,10.1,106.0,2.24,870.0,10.92,1.04,5.1,1106.0,4321.0,237.0,188.0,1545.0,1069.0,1493.0,805.0,1149.0,20230426,20231024,8.04,140.44,56879.0,44.6,NaN,NaN,NaN,NaN,NaN
20240220,060560,12,500.0,638.0,127670.0,2.88,1227.0,1107.0,1471.0,10.1,106.0,2.25,870.0,10.89,1.04,5.09,1106.0,4321.0,237.0,188.0,1545.0,1069.0,1501.0,809.0,1155.0,20230426,20231024,7.76,79.6,56879.0,44.6,NaN,NaN,NaN,NaN,NaN
20240221,060560,12,500.0,638.0,127670.0,2.89,1227.0,1107.0,1480.0,10.1,106.0,2.24,870.0,10.96,1.05,5.11,1106.0,4321.0,237.0,188.0,1545.0,1069.0,1497.0,807.0,1152.0,20230426,20231024,8.42,89.55,56879.0,44.6,NaN,NaN,NaN,NaN,NaN
20240222,060560,12,500.0,638.0,127670.0,2.89,1230.0,1107.0,1489.0,10.1,106.0,2.23,880.0,11.03,1.05,5.13,1106.0,4321.0,237.0,188.0,1545.0,1069.0,1506.0,812.0,1159.0,20230426,20231024,9.07,1342.93,56879.0,44.6,NaN,NaN,NaN,NaN,NaN
20240223,060560,12,500.0,638.0,127670.0,2.89,1230.0,1107.0,1482.0,10.1,106.0,2.17,880.0,10.98,1.05,5.12,1106.0,4321.0,237.0,188.0,1545.0,1069.0,1515.0,817.0,1166.0,20230426,20231024,8.61,13.8,56879.0,44.6,NaN,NaN,NaN,NaN,NaN
20240228,060560,12,500.0,638.0,127670.0,2.85,1230.0,1107.0,1508.0,10.1,106.0,2.13,890.0,11.17,1.07,5.18,1106.0,4321.0,237.0,188.0,1545.0,1069.0,1536.0,828.0,1182.0,20230426,20231024,10.48,73.87,56879.0,44.6,NaN,NaN,NaN,NaN,NaN
20240229,060560,12,500.0,638.0,127670.0,2.82,1230.0,1107.0,1527.0,10.1,106.0,2.12,890.0,11.31,1.08,5.22,1106.0,4321.0,237.0,188.0,1545.0,1069.0,1535.0,827.0,1181.0,20230426,20231024,11.88,212.96,56879.0,44.6,NaN,NaN,NaN,NaN,NaN
20240301,060560,12,500.0,638.0,127670.0,2.81,1230.0,1107.0,1527.0,10.1,106.0,2.14,890.0,11.31,1.08,5.22,1106.0,4321.0,237.0,188.0,1545.0,1069.0,1535.0,827.0,1181.0,20230426,20231024,11.88,214.73,56879.0,44.6,NaN,NaN,NaN,NaN,NaN
20240304,060560,12,500.0,638.0,127670.0,2.81,1290.0,1107.0,1556.0,10.1,106.0,2.14,900.0,11.53,1.1,5.29,1106.0,4321.0,237.0,188.0,1545.0,1069.0,1554.0,838.0,1196.0,20230426,20231024,14.03,1251.53,56879.0,44.6,NaN,NaN,NaN,NaN,NaN
20240305,060560,12,500.0,638.0,127670.0,2.81,1290.0,1107.0,1537.0,10.1,106.0,2.19,920.0,11.39,1.09,5.24,1106.0,4321.0,237.0,188.0,1545.0,1069.0,1584.0,854.0,1219.0,20230426,20231024,12.63,9.75,56879.0,44.6,NaN,NaN,NaN,NaN,NaN
20240306,060560,12,500.0,638.0,127670.0,2.85,1290.0,1107.0,1532.0,10.1,106.0,2.16,910.0,11.35,1.08,5.23,1106.0,4321.0,237.0,188.0,1545.0,1069.0,1565.0,843.0,1204.0,20230426,20231024,12.25,62.41,56879.0,44.6,NaN,NaN,NaN,NaN,NaN
20240307,060560,12,500.0,638.0,127670.0,2.78,1290.0,1107.0,1505.0,10.1,106.0,2.18,910.0,11.15,1.07,5.17,1106.0,4321.0,237.0,188.0,1545.0,1069.0,1560.0,840.0,1200.0,20230426,20231024,10.29,158.92,56879.0,44.6,NaN,NaN,NaN,NaN,NaN
20240308,060560,12,500.0,638.0,127670.0,2.77,1290.0,1107.0,1518.0,10.1,106.0,2.15,890.0,11.24,1.07,5.2,1106.0,4321.0,237.0,188.0,1545.0,1069.0,1532.0,826.0,1179.0,20230426,20231024,11.23,63.67,56879.0,44.6,NaN,NaN,NaN,NaN,NaN
20240311,060560,12,500.0,638.0,127670.0,2.78,1290.0,1107.0,1512.0,10.1,106.0,2.17,900.0,11.2,1.07,5.18,1106.0,4321.0,237.0,188.0,1545.0,1069.0,1545.0,833.0,1189.0,20230426,20231024,10.76,46.48,56879.0,44.6,NaN,NaN,NaN,NaN,NaN
20240312,060560,12,500.0,638.0,127670.0,2.8,1290.0,1107.0,1512.0,10.1,106.0,2.14,890.0,11.2,1.07,5.18,1106.0,4321.0,237.0,188.0,1545.0,1069.0,1539.0,829.0,1184.0,20230426,20231024,10.76,215.27,56879.0,44.6,NaN,NaN,NaN,NaN,NaN
20240314,060560,12,500.0,638.0,127670.0,2.81,1290.0,1107.0,1515.0,10.1,106.0,2.16,900.0,11.22,1.07,5.19,1106.0,4321.0,237.0,188.0,1545.0,1069.0,1540.0,830.0,1185.0,20230426,20231024,11.04,72.24,56879.0,44.6,NaN,NaN,NaN,NaN,NaN
20240315,060560,12,500.0,638.0,127670.0,2.79,1290.0,1107.0,1499.0,10.1,106.0,2.15,900.0,11.1,1.06,5.16,1106.0,4321.0,237.0,188.0,1545.0,1069.0,1543.0,831.0,1187.0,20230426,20231024,9.82,123.06,56879.0,44.6,NaN,NaN,NaN,NaN,NaN
20240318,060560,12,500.0,638.0,127670.0,2.77,1290.0,1107.0,1495.0,10.1,106.0,2.12,890.0,11.07,1.06,5.15,1106.0,4321.0,237.0,188.0,1545.0,1069.0,1526.0,822.0,1174.0,20230426,20231024,9.54,59.79,56879.0,44.6,홈센타홀딩스,060560,기타 전문 도매업,"건축자재,레미콘",2002-07-11
